account_id,customer_id,account_type,currency,open_date,status
1,141,CURRENT,GBP,2023-06-12,ACTIVE
2,274,CURRENT,GBP,2020-12-11,ACTIVE
3,304,BUSINESS,GBP,2023-09-11,ACTIVE
4,320,BUSINESS,USD,2024-09-21,ACTIVE
5,474,BUSINESS,GBP,2024-11-04,ACTIVE
6,15,CURRENT,GBP,2023-08-06,ACTIVE
7,395,BUSINESS,GBP,2021-03-07,ACTIVE
8,393,BUSINESS,GBP,2023-08-01,ACTIVE
9,16,SAVINGS,USD,2023-08-07,ACTIVE
10,490,SAVINGS,GBP,2024-07-06,ACTIVE
11,414,BUSINESS,GBP,2022-07-17,ACTIVE
12,38,BUSINESS,GBP,2022-06-19,ACTIVE
13,213,SAVINGS,GBP,2021-11-27,ACTIVE
14,311,CURRENT,GBP,2024-01-11,ACTIVE
15,164,BUSINESS,USD,2022-03-27,ACTIVE
16,67,SAVINGS,GBP,2020-08-05,ACTIVE
17,164,CURRENT,GBP,2021-07-01,ACTIVE
18,231,CURRENT,GBP,2020-04-13,ACTIVE
19,149,SAVINGS,USD,2021-05-23,ACTIVE
20,493,CURRENT,USD,2021-01-23,ACTIVE
21,391,CURRENT,GBP,2022-11-20,ACTIVE
22,240,SAVINGS,USD,2020-02-17,ACTIVE
23,47,SAVINGS,GBP,2021-05-08,ACTIVE
24,111,BUSINESS,GBP,2020-04-13,ACTIVE
25,145,SAVINGS,GBP,2024-09-22,ACTIVE
26,335,BUSINESS,GBP,2023-01-04,ACTIVE
27,5,CURRENT,GBP,2024-12-12,ACTIVE
28,136,BUSINESS,GBP,2022-04-05,ACTIVE
29,188,CURRENT,GBP,2023-03-13,ACTIVE
30,288,CURRENT,GBP,2021-08-14,ACTIVE
31,38,SAVINGS,GBP,2024-04-14,ACTIVE
32,282,SAVINGS,EUR,2020-09-20,ACTIVE
33,500,CURRENT,GBP,2024-06-15,ACTIVE
34,174,BUSINESS,EUR,2021-02-11,ACTIVE
35,309,BUSINESS,GBP,2020-03-23,ACTIVE
36,24,CURRENT,GBP,2021-11-13,ACTIVE
37,412,SAVINGS,GBP,2020-11-01,ACTIVE
38,311,BUSINESS,GBP,2023-06-09,ACTIVE
39,164,CURRENT,GBP,2023-06-16,ACTIVE
40,379,SAVINGS,GBP,2022-11-04,ACTIVE
41,425,BUSINESS,GBP,2023-12-22,ACTIVE
42,289,SAVINGS,GBP,2020-02-04,ACTIVE
43,189,SAVINGS,GBP,2022-05-03,ACTIVE
44,299,SAVINGS,GBP,2024-01-25,ACTIVE
45,447,BUSINESS,GBP,2023-05-07,ACTIVE
46,243,SAVINGS,EUR,2024-01-17,ACTIVE
47,27,BUSINESS,GBP,2022-12-09,ACTIVE
48,323,BUSINESS,GBP,2024-09-18,ACTIVE
49,195,CURRENT,EUR,2020-03-05,ACTIVE
50,294,BUSINESS,GBP,2020-02-08,ACTIVE
51,226,SAVINGS,GBP,2022-04-25,ACTIVE
52,354,CURRENT,GBP,2024-05-06,ACTIVE
53,314,SAVINGS,EUR,2023-12-16,ACTIVE
54,71,BUSINESS,GBP,2021-10-27,ACTIVE
55,340,SAVINGS,GBP,2021-10-04,ACTIVE
56,490,CURRENT,GBP,2022-12-27,ACTIVE
57,176,BUSINESS,GBP,2024-04-30,ACTIVE
58,445,BUSINESS,GBP,2024-07-03,ACTIVE
59,355,SAVINGS,GBP,2021-01-28,ACTIVE
60,491,CURRENT,GBP,2021-09-03,ACTIVE
61,116,SAVINGS,GBP,2023-12-14,ACTIVE
62,107,BUSINESS,GBP,2021-10-11,ACTIVE
63,246,SAVINGS,GBP,2024-06-16,ACTIVE
64,370,SAVINGS,GBP,2023-03-20,ACTIVE
65,347,BUSINESS,GBP,2022-03-19,ACTIVE
66,420,SAVINGS,EUR,2021-08-17,ACTIVE
67,22,SAVINGS,EUR,2021-12-10,ACTIVE
68,474,SAVINGS,GBP,2024-03-10,ACTIVE
69,246,CURRENT,GBP,2023-01-08,ACTIVE
70,139,BUSINESS,GBP,2020-10-08,ACTIVE
71,56,BUSINESS,GBP,2021-05-05,ACTIVE
72,125,CURRENT,GBP,2022-12-23,ACTIVE
73,116,BUSINESS,GBP,2020-07-24,ACTIVE
74,212,SAVINGS,GBP,2020-07-24,ACTIVE
75,349,CURRENT,GBP,2023-02-01,ACTIVE
76,476,CURRENT,GBP,2024-12-08,ACTIVE
77,450,SAVINGS,GBP,2021-02-12,ACTIVE
78,388,SAVINGS,GBP,2023-08-15,ACTIVE
79,31,CURRENT,GBP,2021-04-20,ACTIVE
80,274,BUSINESS,GBP,2020-03-17,ACTIVE
81,468,CURRENT,GBP,2024-09-11,ACTIVE
82,91,CURRENT,USD,2024-06-01,ACTIVE
83,254,CURRENT,USD,2024-11-30,ACTIVE
84,20,CURRENT,GBP,2023-05-19,ACTIVE
85,55,SAVINGS,GBP,2023-08-06,ACTIVE
86,279,BUSINESS,GBP,2020-10-01,ACTIVE
87,436,BUSINESS,GBP,2021-01-29,ACTIVE
88,415,CURRENT,GBP,2024-02-06,ACTIVE
89,235,BUSINESS,GBP,2021-01-16,ACTIVE
90,8,BUSINESS,GBP,2021-08-27,ACTIVE
91,291,BUSINESS,GBP,2020-12-25,ACTIVE
92,313,BUSINESS,USD,2022-11-21,ACTIVE
93,168,CURRENT,GBP,2020-07-14,ACTIVE
94,95,CURRENT,GBP,2021-05-23,ACTIVE
95,4,SAVINGS,GBP,2022-07-03,ACTIVE
96,386,SAVINGS,USD,2023-04-07,ACTIVE
97,371,BUSINESS,GBP,2023-08-31,ACTIVE
98,185,BUSINESS,GBP,2023-09-29,ACTIVE
99,61,SAVINGS,GBP,2022-04-10,ACTIVE
100,352,BUSINESS,USD,2023-11-14,ACTIVE
101,61,BUSINESS,USD,2022-01-22,ACTIVE
102,315,CURRENT,GBP,2020-09-30,ACTIVE
103,245,CURRENT,GBP,2023-05-25,ACTIVE
104,192,SAVINGS,GBP,2022-08-22,ACTIVE
105,388,BUSINESS,EUR,2024-04-09,ACTIVE
106,127,BUSINESS,GBP,2024-11-23,ACTIVE
107,404,CURRENT,GBP,2022-12-17,ACTIVE
108,361,SAVINGS,GBP,2023-03-01,ACTIVE
109,58,CURRENT,EUR,2023-03-18,ACTIVE
110,275,CURRENT,GBP,2024-10-15,ACTIVE
111,267,SAVINGS,GBP,2021-02-24,ACTIVE
112,368,BUSINESS,GBP,2022-11-11,ACTIVE
113,229,CURRENT,GBP,2022-11-17,ACTIVE
114,213,SAVINGS,GBP,2023-02-18,ACTIVE
115,237,BUSINESS,EUR,2022-03-21,ACTIVE
116,131,CURRENT,GBP,2023-03-30,ACTIVE
117,38,CURRENT,GBP,2023-12-05,ACTIVE
118,33,BUSINESS,EUR,2022-08-24,ACTIVE
119,17,SAVINGS,GBP,2024-04-23,ACTIVE
120,70,BUSINESS,USD,2022-02-05,ACTIVE
121,457,SAVINGS,GBP,2022-02-12,ACTIVE
122,193,CURRENT,GBP,2023-09-17,ACTIVE
123,448,BUSINESS,GBP,2024-10-27,ACTIVE
124,179,CURRENT,GBP,2023-01-05,ACTIVE
125,202,BUSINESS,GBP,2021-04-01,ACTIVE
126,428,CURRENT,GBP,2021-09-03,ACTIVE
127,238,BUSINESS,GBP,2022-05-18,ACTIVE
128,273,SAVINGS,EUR,2022-08-01,ACTIVE
129,178,CURRENT,GBP,2024-11-27,ACTIVE
130,372,CURRENT,GBP,2023-09-14,ACTIVE
131,215,BUSINESS,GBP,2024-12-14,ACTIVE
132,456,CURRENT,GBP,2020-05-17,ACTIVE
133,52,BUSINESS,GBP,2023-05-09,ACTIVE
134,345,BUSINESS,EUR,2024-02-25,ACTIVE
135,23,SAVINGS,GBP,2023-01-10,ACTIVE
136,112,CURRENT,GBP,2021-08-15,ACTIVE
137,120,BUSINESS,GBP,2023-03-28,ACTIVE
138,307,BUSINESS,EUR,2021-09-10,ACTIVE
139,449,CURRENT,EUR,2022-04-26,ACTIVE
140,154,SAVINGS,GBP,2023-04-26,ACTIVE
141,451,BUSINESS,USD,2023-02-12,ACTIVE
142,254,CURRENT,USD,2024-05-28,ACTIVE
143,269,SAVINGS,GBP,2022-04-16,ACTIVE
144,77,SAVINGS,GBP,2024-03-25,ACTIVE
145,276,SAVINGS,GBP,2021-04-06,ACTIVE
146,154,BUSINESS,GBP,2022-08-06,ACTIVE
147,469,CURRENT,GBP,2022-05-03,ACTIVE
148,286,BUSINESS,GBP,2021-05-12,ACTIVE
149,131,CURRENT,GBP,2020-06-10,ACTIVE
150,473,SAVINGS,EUR,2023-01-01,ACTIVE
151,371,CURRENT,GBP,2022-02-11,ACTIVE
152,345,BUSINESS,GBP,2024-11-24,ACTIVE
153,38,CURRENT,EUR,2022-09-08,ACTIVE
154,107,SAVINGS,GBP,2020-02-01,ACTIVE
155,109,CURRENT,EUR,2024-03-09,ACTIVE
156,387,SAVINGS,EUR,2022-03-23,ACTIVE
157,469,CURRENT,GBP,2024-05-07,ACTIVE
158,145,SAVINGS,GBP,2023-08-21,ACTIVE
159,184,SAVINGS,GBP,2022-11-16,ACTIVE
160,452,SAVINGS,GBP,2024-07-02,ACTIVE
161,370,SAVINGS,GBP,2021-10-17,ACTIVE
162,469,CURRENT,GBP,2022-04-27,ACTIVE
163,24,BUSINESS,EUR,2020-02-03,ACTIVE
164,134,BUSINESS,USD,2021-08-27,ACTIVE
165,79,CURRENT,GBP,2022-02-16,ACTIVE
166,292,CURRENT,GBP,2023-09-02,ACTIVE
167,484,BUSINESS,GBP,2024-04-12,ACTIVE
168,421,SAVINGS,USD,2022-08-01,ACTIVE
169,87,BUSINESS,GBP,2020-12-12,ACTIVE
170,72,BUSINESS,GBP,2021-01-11,ACTIVE
171,470,BUSINESS,EUR,2022-12-09,ACTIVE
172,18,CURRENT,EUR,2024-04-14,ACTIVE
173,4,SAVINGS,GBP,2023-07-15,ACTIVE
174,119,CURRENT,GBP,2020-01-19,ACTIVE
175,112,BUSINESS,GBP,2020-05-03,ACTIVE
176,317,BUSINESS,GBP,2023-06-16,ACTIVE
177,468,SAVINGS,GBP,2020-02-02,ACTIVE
178,4,BUSINESS,GBP,2020-01-25,ACTIVE
179,9,BUSINESS,GBP,2023-01-02,ACTIVE
180,147,CURRENT,GBP,2023-11-30,ACTIVE
181,346,SAVINGS,EUR,2020-08-07,ACTIVE
182,471,CURRENT,GBP,2021-05-08,ACTIVE
183,99,BUSINESS,GBP,2024-07-27,ACTIVE
184,182,SAVINGS,GBP,2020-06-10,ACTIVE
185,192,SAVINGS,GBP,2021-05-13,ACTIVE
186,357,CURRENT,GBP,2024-08-22,ACTIVE
187,435,CURRENT,GBP,2024-10-23,ACTIVE
188,333,CURRENT,GBP,2022-02-15,ACTIVE
189,194,BUSINESS,GBP,2023-07-28,ACTIVE
190,5,BUSINESS,GBP,2022-10-20,ACTIVE
191,433,SAVINGS,GBP,2021-11-09,ACTIVE
192,290,CURRENT,EUR,2021-04-15,ACTIVE
193,109,BUSINESS,USD,2021-07-09,ACTIVE
194,24,CURRENT,GBP,2021-07-28,ACTIVE
195,461,BUSINESS,GBP,2020-03-08,ACTIVE
196,92,SAVINGS,GBP,2021-02-28,ACTIVE
197,301,CURRENT,GBP,2023-12-30,ACTIVE
198,421,SAVINGS,USD,2020-11-28,ACTIVE
199,289,CURRENT,GBP,2024-10-05,ACTIVE
200,200,BUSINESS,USD,2022-02-25,ACTIVE
201,387,BUSINESS,GBP,2023-11-12,ACTIVE
202,371,CURRENT,GBP,2021-12-09,ACTIVE
203,28,CURRENT,GBP,2024-09-13,ACTIVE
204,39,SAVINGS,GBP,2023-06-11,ACTIVE
205,489,BUSINESS,GBP,2024-05-03,ACTIVE
206,168,CURRENT,GBP,2024-05-23,ACTIVE
207,231,SAVINGS,GBP,2023-02-06,ACTIVE
208,482,SAVINGS,GBP,2023-10-24,ACTIVE
209,300,BUSINESS,GBP,2024-04-30,ACTIVE
210,317,SAVINGS,GBP,2023-12-31,ACTIVE
211,38,CURRENT,GBP,2022-02-17,ACTIVE
212,365,BUSINESS,GBP,2022-03-08,ACTIVE
213,163,SAVINGS,GBP,2020-01-11,ACTIVE
214,483,SAVINGS,GBP,2024-04-08,ACTIVE
215,139,CURRENT,GBP,2021-01-18,ACTIVE
216,221,SAVINGS,GBP,2022-11-15,ACTIVE
217,209,CURRENT,GBP,2021-12-25,ACTIVE
218,284,CURRENT,GBP,2024-05-25,ACTIVE
219,167,SAVINGS,GBP,2022-04-27,ACTIVE
220,199,CURRENT,GBP,2023-02-19,ACTIVE
221,464,CURRENT,GBP,2020-12-13,ACTIVE
222,351,SAVINGS,GBP,2021-07-04,ACTIVE
223,155,SAVINGS,GBP,2020-05-09,ACTIVE
224,86,SAVINGS,GBP,2021-09-05,ACTIVE
225,248,CURRENT,GBP,2021-05-20,ACTIVE
226,370,BUSINESS,GBP,2023-06-16,ACTIVE
227,101,SAVINGS,GBP,2021-09-15,ACTIVE
228,4,SAVINGS,GBP,2023-06-24,ACTIVE
229,195,SAVINGS,GBP,2022-05-31,ACTIVE
230,418,BUSINESS,EUR,2021-09-07,ACTIVE
231,165,BUSINESS,EUR,2022-09-08,ACTIVE
232,161,CURRENT,USD,2021-08-19,ACTIVE
233,377,BUSINESS,GBP,2023-03-25,ACTIVE
234,401,CURRENT,GBP,2021-07-28,ACTIVE
235,419,SAVINGS,GBP,2023-02-28,ACTIVE
236,103,BUSINESS,EUR,2023-10-28,ACTIVE
237,394,BUSINESS,GBP,2024-01-29,ACTIVE
238,237,BUSINESS,GBP,2024-06-21,ACTIVE
239,150,BUSINESS,GBP,2024-10-02,ACTIVE
240,408,SAVINGS,GBP,2020-10-12,ACTIVE
241,325,SAVINGS,GBP,2023-09-10,ACTIVE
242,79,BUSINESS,GBP,2022-02-11,ACTIVE
243,38,SAVINGS,USD,2023-04-07,ACTIVE
244,206,BUSINESS,GBP,2024-11-16,ACTIVE
245,355,SAVINGS,GBP,2024-06-07,ACTIVE
246,496,SAVINGS,GBP,2024-07-21,ACTIVE
247,275,BUSINESS,GBP,2020-06-23,ACTIVE
248,56,CURRENT,GBP,2021-12-28,ACTIVE
249,86,BUSINESS,GBP,2023-02-27,ACTIVE
250,331,BUSINESS,GBP,2024-03-21,ACTIVE
251,170,SAVINGS,GBP,2020-07-20,ACTIVE
252,133,CURRENT,GBP,2022-11-28,ACTIVE
253,286,BUSINESS,GBP,2021-03-28,ACTIVE
254,229,SAVINGS,GBP,2024-04-30,ACTIVE
255,348,BUSINESS,GBP,2020-11-04,ACTIVE
256,177,CURRENT,GBP,2021-08-28,ACTIVE
257,213,CURRENT,GBP,2024-02-04,ACTIVE
258,73,SAVINGS,GBP,2022-07-21,ACTIVE
259,402,CURRENT,GBP,2021-12-14,ACTIVE
260,244,CURRENT,GBP,2023-11-27,ACTIVE
261,232,SAVINGS,GBP,2020-04-01,ACTIVE
262,415,BUSINESS,GBP,2024-10-05,ACTIVE
263,176,BUSINESS,GBP,2024-06-26,ACTIVE
264,85,BUSINESS,GBP,2020-12-23,ACTIVE
265,283,CURRENT,GBP,2022-05-23,ACTIVE
266,491,SAVINGS,GBP,2022-04-09,ACTIVE
267,323,CURRENT,GBP,2023-09-08,ACTIVE
268,222,SAVINGS,GBP,2023-06-11,ACTIVE
269,453,CURRENT,GBP,2022-05-29,ACTIVE
270,200,CURRENT,GBP,2021-02-25,ACTIVE
271,143,BUSINESS,EUR,2023-03-28,ACTIVE
272,53,BUSINESS,GBP,2021-10-29,ACTIVE
273,101,SAVINGS,GBP,2023-10-05,ACTIVE
274,442,SAVINGS,GBP,2023-08-01,ACTIVE
275,161,BUSINESS,GBP,2022-03-14,ACTIVE
276,301,CURRENT,GBP,2024-09-27,ACTIVE
277,235,BUSINESS,GBP,2023-10-11,ACTIVE
278,362,SAVINGS,EUR,2023-10-08,ACTIVE
279,69,SAVINGS,GBP,2021-09-17,ACTIVE
280,60,CURRENT,GBP,2020-10-16,ACTIVE
281,262,SAVINGS,GBP,2020-10-09,ACTIVE
282,295,SAVINGS,GBP,2022-09-23,ACTIVE
283,326,BUSINESS,GBP,2023-08-14,ACTIVE
284,477,CURRENT,GBP,2022-09-29,ACTIVE
285,148,CURRENT,GBP,2024-09-20,ACTIVE
286,231,BUSINESS,GBP,2022-01-05,ACTIVE
287,488,CURRENT,GBP,2021-02-03,ACTIVE
288,418,SAVINGS,USD,2022-04-17,ACTIVE
289,351,SAVINGS,GBP,2024-09-16,ACTIVE
290,228,SAVINGS,GBP,2023-03-03,ACTIVE
291,16,CURRENT,GBP,2021-07-16,ACTIVE
292,116,BUSINESS,GBP,2024-05-17,ACTIVE
293,235,BUSINESS,GBP,2024-04-17,ACTIVE
294,254,BUSINESS,GBP,2023-03-18,ACTIVE
295,59,SAVINGS,GBP,2024-08-13,ACTIVE
296,188,BUSINESS,EUR,2024-04-05,ACTIVE
297,369,SAVINGS,GBP,2022-05-20,ACTIVE
298,53,BUSINESS,EUR,2021-09-01,ACTIVE
299,448,CURRENT,GBP,2021-12-14,ACTIVE
300,442,CURRENT,GBP,2020-08-28,ACTIVE
301,398,CURRENT,GBP,2024-02-19,ACTIVE
302,302,BUSINESS,GBP,2023-12-26,ACTIVE
303,313,BUSINESS,GBP,2023-06-15,ACTIVE
304,72,CURRENT,EUR,2023-03-13,ACTIVE
305,180,BUSINESS,GBP,2023-01-08,ACTIVE
306,87,SAVINGS,USD,2021-08-15,ACTIVE
307,294,SAVINGS,EUR,2020-10-04,ACTIVE
308,493,SAVINGS,USD,2024-11-10,ACTIVE
309,336,CURRENT,GBP,2020-09-28,ACTIVE
310,128,CURRENT,GBP,2024-08-23,ACTIVE
311,127,BUSINESS,GBP,2020-10-18,ACTIVE
312,296,BUSINESS,GBP,2022-04-28,ACTIVE
313,193,SAVINGS,GBP,2024-06-15,ACTIVE
314,451,CURRENT,GBP,2024-03-15,ACTIVE
315,143,BUSINESS,USD,2022-07-20,ACTIVE
316,487,SAVINGS,GBP,2020-01-06,ACTIVE
317,445,BUSINESS,GBP,2022-07-27,ACTIVE
318,326,BUSINESS,GBP,2024-10-07,ACTIVE
319,33,BUSINESS,GBP,2022-05-29,ACTIVE
320,423,CURRENT,GBP,2021-10-23,ACTIVE
321,425,SAVINGS,GBP,2023-03-29,ACTIVE
322,67,BUSINESS,USD,2023-10-29,ACTIVE
323,391,CURRENT,GBP,2023-07-06,ACTIVE
324,402,SAVINGS,GBP,2024-10-22,ACTIVE
325,81,SAVINGS,GBP,2022-05-26,ACTIVE
326,104,BUSINESS,USD,2020-11-21,ACTIVE
327,448,SAVINGS,GBP,2022-01-08,ACTIVE
328,129,CURRENT,GBP,2023-08-21,ACTIVE
329,85,CURRENT,GBP,2021-09-17,ACTIVE
330,372,BUSINESS,GBP,2022-05-29,ACTIVE
331,336,CURRENT,GBP,2020-01-03,ACTIVE
332,110,SAVINGS,GBP,2023-04-30,ACTIVE
333,116,BUSINESS,GBP,2020-01-20,ACTIVE
334,5,BUSINESS,GBP,2020-09-03,ACTIVE
335,441,SAVINGS,GBP,2022-09-05,ACTIVE
336,37,CURRENT,GBP,2024-02-05,ACTIVE
337,413,CURRENT,GBP,2022-01-22,ACTIVE
338,452,SAVINGS,GBP,2024-05-03,ACTIVE
339,417,CURRENT,GBP,2023-10-18,ACTIVE
340,74,CURRENT,GBP,2020-01-18,ACTIVE
341,313,BUSINESS,GBP,2021-12-20,ACTIVE
342,370,CURRENT,GBP,2020-11-06,ACTIVE
343,471,SAVINGS,GBP,2022-06-25,ACTIVE
344,441,CURRENT,GBP,2020-07-24,ACTIVE
345,72,CURRENT,GBP,2022-02-25,ACTIVE
346,180,SAVINGS,GBP,2020-10-13,ACTIVE
347,127,SAVINGS,GBP,2021-05-23,ACTIVE
348,284,BUSINESS,GBP,2023-05-29,ACTIVE
349,146,BUSINESS,GBP,2024-09-30,ACTIVE
350,338,SAVINGS,GBP,2023-05-27,ACTIVE
351,261,CURRENT,GBP,2021-08-28,ACTIVE
352,331,CURRENT,GBP,2024-06-13,ACTIVE
353,489,CURRENT,GBP,2020-08-18,ACTIVE
354,124,SAVINGS,GBP,2020-05-25,ACTIVE
355,271,CURRENT,USD,2020-09-27,ACTIVE
356,199,BUSINESS,GBP,2023-01-23,ACTIVE
357,350,CURRENT,GBP,2024-04-26,ACTIVE
358,38,CURRENT,GBP,2020-01-29,ACTIVE
359,135,CURRENT,GBP,2020-05-03,ACTIVE
360,486,SAVINGS,GBP,2023-07-11,ACTIVE
361,365,BUSINESS,GBP,2022-05-17,ACTIVE
362,360,SAVINGS,GBP,2023-01-03,ACTIVE
363,276,BUSINESS,GBP,2020-06-20,ACTIVE
364,159,CURRENT,GBP,2021-02-20,ACTIVE
365,499,CURRENT,GBP,2022-03-11,ACTIVE
366,301,BUSINESS,GBP,2023-08-23,ACTIVE
367,349,BUSINESS,GBP,2023-12-01,ACTIVE
368,224,BUSINESS,EUR,2020-04-28,ACTIVE
369,126,CURRENT,EUR,2022-07-17,ACTIVE
370,314,BUSINESS,GBP,2023-09-26,ACTIVE
371,380,BUSINESS,GBP,2020-09-01,ACTIVE
372,7,BUSINESS,GBP,2020-01-24,ACTIVE
373,84,SAVINGS,USD,2020-12-07,ACTIVE
374,191,CURRENT,GBP,2024-11-23,ACTIVE
375,138,BUSINESS,EUR,2021-11-17,ACTIVE
376,414,SAVINGS,GBP,2020-05-10,ACTIVE
377,135,BUSINESS,EUR,2022-10-13,ACTIVE
378,234,BUSINESS,GBP,2022-10-20,ACTIVE
379,440,BUSINESS,GBP,2020-11-18,ACTIVE
380,131,CURRENT,EUR,2021-04-12,ACTIVE
381,380,BUSINESS,GBP,2024-10-24,ACTIVE
382,442,CURRENT,GBP,2022-08-24,ACTIVE
383,187,SAVINGS,EUR,2024-10-22,ACTIVE
384,19,BUSINESS,USD,2021-04-04,ACTIVE
385,165,CURRENT,GBP,2024-01-15,ACTIVE
386,164,SAVINGS,USD,2020-09-01,ACTIVE
387,258,BUSINESS,EUR,2021-04-02,ACTIVE
388,412,BUSINESS,USD,2020-05-21,ACTIVE
389,450,SAVINGS,USD,2021-11-01,ACTIVE
390,45,BUSINESS,GBP,2022-01-25,ACTIVE
391,103,SAVINGS,GBP,2021-09-14,ACTIVE
392,379,BUSINESS,GBP,2022-01-24,ACTIVE
393,303,SAVINGS,EUR,2024-02-09,ACTIVE
394,462,BUSINESS,GBP,2021-05-17,ACTIVE
395,78,CURRENT,EUR,2021-04-22,ACTIVE
396,278,SAVINGS,GBP,2023-11-21,ACTIVE
397,450,CURRENT,EUR,2024-04-03,ACTIVE
398,337,SAVINGS,USD,2020-07-31,ACTIVE
399,106,BUSINESS,USD,2022-10-04,ACTIVE
400,493,CURRENT,EUR,2023-12-28,ACTIVE
401,144,CURRENT,GBP,2021-04-19,ACTIVE
402,460,BUSINESS,GBP,2022-02-01,ACTIVE
403,235,BUSINESS,GBP,2020-07-14,ACTIVE
404,259,CURRENT,GBP,2022-03-18,ACTIVE
405,39,BUSINESS,GBP,2022-06-09,ACTIVE
406,340,CURRENT,GBP,2021-06-18,ACTIVE
407,436,SAVINGS,USD,2023-12-06,ACTIVE
408,426,BUSINESS,GBP,2022-07-16,ACTIVE
409,140,CURRENT,GBP,2021-02-19,ACTIVE
410,70,BUSINESS,GBP,2020-08-04,ACTIVE
411,85,SAVINGS,GBP,2022-04-12,ACTIVE
412,62,BUSINESS,GBP,2024-04-26,ACTIVE
413,107,SAVINGS,GBP,2021-06-26,ACTIVE
414,437,CURRENT,GBP,2024-07-11,ACTIVE
415,352,SAVINGS,EUR,2021-03-16,ACTIVE
416,428,SAVINGS,GBP,2023-12-27,ACTIVE
417,128,SAVINGS,GBP,2020-04-10,ACTIVE
418,347,SAVINGS,GBP,2020-12-22,ACTIVE
419,16,SAVINGS,EUR,2020-07-12,ACTIVE
420,237,CURRENT,EUR,2020-09-05,ACTIVE
421,7,CURRENT,EUR,2020-09-24,ACTIVE
422,102,SAVINGS,GBP,2023-07-14,ACTIVE
423,481,BUSINESS,GBP,2023-04-15,ACTIVE
424,133,CURRENT,GBP,2020-05-12,ACTIVE
425,102,BUSINESS,GBP,2020-09-20,ACTIVE
426,48,SAVINGS,GBP,2022-08-02,ACTIVE
427,26,CURRENT,USD,2024-08-09,ACTIVE
428,371,SAVINGS,GBP,2022-02-22,ACTIVE
429,350,SAVINGS,GBP,2021-03-15,ACTIVE
430,466,CURRENT,GBP,2022-07-02,ACTIVE
431,453,CURRENT,GBP,2023-06-22,ACTIVE
432,316,CURRENT,GBP,2022-10-18,ACTIVE
433,211,BUSINESS,GBP,2020-06-28,ACTIVE
434,144,SAVINGS,GBP,2021-02-12,ACTIVE
435,330,BUSINESS,GBP,2024-06-30,ACTIVE
436,279,CURRENT,USD,2022-09-09,ACTIVE
437,279,SAVINGS,GBP,2023-03-04,ACTIVE
438,258,SAVINGS,GBP,2021-01-03,ACTIVE
439,14,SAVINGS,GBP,2020-03-01,ACTIVE
440,459,SAVINGS,GBP,2022-08-24,ACTIVE
441,272,SAVINGS,GBP,2021-04-21,ACTIVE
442,499,CURRENT,GBP,2023-09-07,ACTIVE
443,124,SAVINGS,GBP,2024-06-08,ACTIVE
444,470,BUSINESS,GBP,2021-03-25,ACTIVE
445,295,SAVINGS,GBP,2024-09-14,ACTIVE
446,433,CURRENT,GBP,2023-04-28,ACTIVE
447,163,BUSINESS,GBP,2023-04-26,ACTIVE
448,15,BUSINESS,GBP,2023-03-08,ACTIVE
449,289,CURRENT,GBP,2021-01-20,ACTIVE
450,429,SAVINGS,GBP,2020-12-25,ACTIVE
451,252,CURRENT,GBP,2021-04-21,ACTIVE
452,309,CURRENT,GBP,2022-09-05,ACTIVE
453,1,SAVINGS,EUR,2024-07-09,ACTIVE
454,67,SAVINGS,GBP,2024-07-01,ACTIVE
455,433,SAVINGS,GBP,2020-10-29,ACTIVE
456,301,BUSINESS,EUR,2024-09-29,ACTIVE
457,270,SAVINGS,USD,2023-12-13,ACTIVE
458,483,BUSINESS,GBP,2020-07-25,ACTIVE
459,173,SAVINGS,GBP,2020-11-18,ACTIVE
460,375,SAVINGS,GBP,2022-09-24,ACTIVE
461,333,SAVINGS,GBP,2023-02-24,ACTIVE
462,356,BUSINESS,GBP,2021-04-02,ACTIVE
463,341,BUSINESS,USD,2021-09-20,ACTIVE
464,376,BUSINESS,GBP,2020-12-29,ACTIVE
465,374,CURRENT,USD,2024-10-08,ACTIVE
466,395,BUSINESS,GBP,2023-05-18,ACTIVE
467,163,BUSINESS,GBP,2023-03-04,ACTIVE
468,54,SAVINGS,GBP,2024-03-06,ACTIVE
469,40,CURRENT,GBP,2021-10-16,ACTIVE
470,86,BUSINESS,EUR,2024-08-09,ACTIVE
471,363,BUSINESS,GBP,2024-12-20,ACTIVE
472,172,SAVINGS,GBP,2021-03-05,ACTIVE
473,128,BUSINESS,GBP,2021-06-09,ACTIVE
474,403,CURRENT,GBP,2020-04-08,ACTIVE
475,198,SAVINGS,GBP,2020-12-06,ACTIVE
476,453,SAVINGS,GBP,2022-02-14,ACTIVE
477,180,BUSINESS,GBP,2024-08-24,ACTIVE
478,246,BUSINESS,GBP,2023-11-08,ACTIVE
479,116,CURRENT,GBP,2024-06-24,ACTIVE
480,434,CURRENT,GBP,2021-10-14,ACTIVE
481,134,CURRENT,GBP,2020-12-14,ACTIVE
482,455,SAVINGS,GBP,2020-06-02,ACTIVE
483,281,CURRENT,GBP,2023-06-10,ACTIVE
484,458,SAVINGS,GBP,2022-06-02,ACTIVE
485,483,BUSINESS,GBP,2024-12-27,ACTIVE
486,223,CURRENT,GBP,2021-11-09,ACTIVE
487,106,CURRENT,GBP,2023-02-08,ACTIVE
488,370,BUSINESS,GBP,2023-09-14,ACTIVE
489,145,SAVINGS,GBP,2020-04-11,ACTIVE
490,202,BUSINESS,GBP,2022-10-02,ACTIVE
491,79,CURRENT,GBP,2022-05-25,ACTIVE
492,45,SAVINGS,USD,2021-02-12,ACTIVE
493,50,CURRENT,GBP,2023-07-31,ACTIVE
494,150,CURRENT,GBP,2020-08-24,ACTIVE
495,158,SAVINGS,GBP,2023-09-15,ACTIVE
496,136,CURRENT,GBP,2022-03-04,ACTIVE
497,95,SAVINGS,USD,2021-01-17,ACTIVE
498,229,CURRENT,GBP,2022-08-10,ACTIVE
499,135,CURRENT,EUR,2020-11-05,ACTIVE
500,386,BUSINESS,GBP,2020-06-24,ACTIVE
501,343,SAVINGS,USD,2024-03-29,ACTIVE
502,302,CURRENT,GBP,2024-09-17,ACTIVE
503,199,BUSINESS,GBP,2023-01-01,ACTIVE
504,352,SAVINGS,GBP,2021-04-27,ACTIVE
505,244,SAVINGS,GBP,2024-10-14,ACTIVE
506,366,CURRENT,GBP,2022-11-24,ACTIVE
507,410,BUSINESS,GBP,2023-06-24,ACTIVE
508,76,CURRENT,USD,2020-12-20,ACTIVE
509,486,CURRENT,EUR,2020-09-15,ACTIVE
510,22,SAVINGS,GBP,2023-10-31,ACTIVE
511,223,CURRENT,EUR,2024-09-04,ACTIVE
512,305,SAVINGS,GBP,2024-01-29,ACTIVE
513,469,CURRENT,GBP,2023-02-13,ACTIVE
514,204,BUSINESS,GBP,2021-07-19,ACTIVE
515,267,SAVINGS,EUR,2024-05-29,ACTIVE
516,359,BUSINESS,GBP,2024-05-19,ACTIVE
517,215,CURRENT,GBP,2020-10-30,ACTIVE
518,291,BUSINESS,GBP,2020-07-24,ACTIVE
519,474,CURRENT,GBP,2020-07-25,ACTIVE
520,403,SAVINGS,USD,2024-12-02,ACTIVE
521,211,SAVINGS,GBP,2022-09-21,ACTIVE
522,293,BUSINESS,GBP,2020-12-18,ACTIVE
523,142,SAVINGS,GBP,2023-05-31,ACTIVE
524,349,BUSINESS,GBP,2022-03-21,ACTIVE
525,456,SAVINGS,GBP,2020-04-10,ACTIVE
526,382,SAVINGS,USD,2020-02-11,ACTIVE
527,173,SAVINGS,GBP,2024-09-22,ACTIVE
528,252,BUSINESS,GBP,2024-11-14,ACTIVE
529,117,CURRENT,GBP,2024-03-03,ACTIVE
530,227,SAVINGS,GBP,2022-05-03,ACTIVE
531,310,BUSINESS,GBP,2022-06-23,ACTIVE
532,109,SAVINGS,GBP,2024-04-04,ACTIVE
533,265,SAVINGS,EUR,2020-05-14,ACTIVE
534,160,BUSINESS,GBP,2020-10-04,ACTIVE
535,400,BUSINESS,EUR,2020-12-21,ACTIVE
536,99,CURRENT,EUR,2020-03-08,ACTIVE
537,234,CURRENT,EUR,2021-07-15,ACTIVE
538,189,SAVINGS,GBP,2023-07-25,ACTIVE
539,473,CURRENT,GBP,2021-05-10,ACTIVE
540,191,SAVINGS,GBP,2020-12-29,ACTIVE
541,492,SAVINGS,GBP,2021-12-17,ACTIVE
542,177,CURRENT,USD,2024-03-13,ACTIVE
543,426,BUSINESS,GBP,2020-02-26,ACTIVE
544,198,CURRENT,GBP,2023-03-17,ACTIVE
545,400,CURRENT,EUR,2023-10-19,ACTIVE
546,106,SAVINGS,GBP,2022-11-17,ACTIVE
547,11,BUSINESS,GBP,2020-09-27,ACTIVE
548,332,CURRENT,GBP,2020-01-18,ACTIVE
549,115,SAVINGS,GBP,2021-09-17,ACTIVE
550,365,BUSINESS,GBP,2022-05-17,ACTIVE
551,459,SAVINGS,USD,2021-05-31,ACTIVE
552,112,SAVINGS,GBP,2022-12-02,ACTIVE
553,423,BUSINESS,GBP,2020-07-28,ACTIVE
554,4,BUSINESS,USD,2023-02-23,ACTIVE
555,332,BUSINESS,GBP,2021-09-03,ACTIVE
556,351,CURRENT,GBP,2021-11-19,ACTIVE
557,142,BUSINESS,GBP,2021-07-21,ACTIVE
558,134,BUSINESS,GBP,2025-01-01,ACTIVE
559,334,SAVINGS,GBP,2022-11-25,ACTIVE
560,392,CURRENT,USD,2023-09-14,ACTIVE
561,164,BUSINESS,GBP,2020-02-22,ACTIVE
562,336,SAVINGS,USD,2022-05-07,ACTIVE
563,208,SAVINGS,GBP,2023-04-09,ACTIVE
564,363,BUSINESS,USD,2024-01-27,ACTIVE
565,366,CURRENT,GBP,2023-07-31,ACTIVE
566,402,SAVINGS,USD,2022-11-04,ACTIVE
567,154,CURRENT,EUR,2021-08-24,ACTIVE
568,50,SAVINGS,GBP,2021-06-13,ACTIVE
569,372,BUSINESS,GBP,2021-01-09,ACTIVE
570,485,BUSINESS,EUR,2021-03-31,ACTIVE
571,182,CURRENT,GBP,2021-09-20,ACTIVE
572,216,SAVINGS,GBP,2023-04-14,ACTIVE
573,151,SAVINGS,USD,2020-04-19,ACTIVE
574,444,BUSINESS,GBP,2023-06-25,ACTIVE
575,37,SAVINGS,EUR,2024-11-11,ACTIVE
576,349,SAVINGS,GBP,2022-04-26,ACTIVE
577,28,CURRENT,GBP,2021-02-14,ACTIVE
578,176,SAVINGS,USD,2020-10-20,ACTIVE
579,162,BUSINESS,GBP,2020-06-14,ACTIVE
580,250,SAVINGS,GBP,2020-12-28,ACTIVE
581,161,BUSINESS,GBP,2022-07-14,ACTIVE
582,141,CURRENT,GBP,2020-12-11,ACTIVE
583,296,CURRENT,GBP,2024-04-12,ACTIVE
584,400,CURRENT,GBP,2022-06-07,ACTIVE
585,325,SAVINGS,GBP,2022-09-04,ACTIVE
586,197,CURRENT,GBP,2021-02-12,ACTIVE
587,375,SAVINGS,USD,2024-03-30,ACTIVE
588,427,BUSINESS,GBP,2023-10-17,ACTIVE
589,3,BUSINESS,GBP,2021-04-08,ACTIVE
590,356,SAVINGS,GBP,2020-07-29,ACTIVE
591,197,BUSINESS,GBP,2020-12-08,ACTIVE
592,34,CURRENT,GBP,2021-08-18,ACTIVE
593,234,BUSINESS,GBP,2022-12-09,ACTIVE
594,173,SAVINGS,EUR,2021-12-02,ACTIVE
595,462,SAVINGS,GBP,2021-01-20,ACTIVE
596,85,SAVINGS,GBP,2021-04-04,ACTIVE
597,373,CURRENT,GBP,2020-02-14,ACTIVE
598,302,BUSINESS,GBP,2022-01-20,ACTIVE
599,365,BUSINESS,GBP,2022-02-07,ACTIVE
600,449,BUSINESS,GBP,2022-12-31,ACTIVE
601,320,CURRENT,GBP,2020-04-08,ACTIVE
602,339,CURRENT,GBP,2020-02-10,ACTIVE
603,25,BUSINESS,GBP,2022-06-28,ACTIVE
604,195,CURRENT,GBP,2022-08-29,ACTIVE
605,360,CURRENT,GBP,2023-11-05,ACTIVE
606,323,CURRENT,GBP,2023-09-17,ACTIVE
607,52,BUSINESS,GBP,2023-06-29,ACTIVE
608,311,BUSINESS,GBP,2024-08-28,ACTIVE
609,461,CURRENT,GBP,2023-06-19,ACTIVE
610,61,SAVINGS,GBP,2020-08-05,ACTIVE
611,255,CURRENT,GBP,2024-05-12,ACTIVE
612,135,BUSINESS,USD,2023-12-11,ACTIVE
613,210,SAVINGS,GBP,2023-01-27,ACTIVE
614,255,CURRENT,GBP,2022-09-11,ACTIVE
615,170,CURRENT,GBP,2023-10-07,ACTIVE
616,46,CURRENT,USD,2020-11-01,ACTIVE
617,487,CURRENT,GBP,2020-06-02,ACTIVE
618,371,BUSINESS,GBP,2021-06-08,ACTIVE
619,330,CURRENT,GBP,2021-08-29,ACTIVE
620,136,SAVINGS,GBP,2024-07-23,ACTIVE
621,90,CURRENT,USD,2024-06-29,ACTIVE
622,347,SAVINGS,GBP,2020-08-25,ACTIVE
623,49,CURRENT,GBP,2020-10-10,ACTIVE
624,340,BUSINESS,GBP,2022-01-02,ACTIVE
625,458,SAVINGS,USD,2024-12-04,ACTIVE
626,376,CURRENT,GBP,2021-12-02,ACTIVE
627,94,CURRENT,GBP,2022-07-23,ACTIVE
628,140,SAVINGS,GBP,2022-09-06,ACTIVE
629,410,SAVINGS,GBP,2024-06-20,ACTIVE
630,86,CURRENT,GBP,2024-01-27,ACTIVE
631,31,CURRENT,GBP,2023-04-24,ACTIVE
632,248,BUSINESS,GBP,2021-01-06,ACTIVE
633,313,SAVINGS,GBP,2023-06-06,ACTIVE
634,15,BUSINESS,EUR,2022-09-16,ACTIVE
635,472,SAVINGS,GBP,2022-04-22,ACTIVE
636,226,CURRENT,GBP,2023-09-03,ACTIVE
637,161,CURRENT,GBP,2023-10-20,ACTIVE
638,269,BUSINESS,GBP,2023-03-03,ACTIVE
639,115,BUSINESS,EUR,2022-06-05,ACTIVE
640,339,BUSINESS,GBP,2021-12-09,ACTIVE
641,340,BUSINESS,GBP,2020-10-31,ACTIVE
642,430,BUSINESS,EUR,2020-01-24,ACTIVE
643,330,CURRENT,GBP,2022-08-19,ACTIVE
644,437,SAVINGS,EUR,2024-03-18,ACTIVE
645,252,SAVINGS,GBP,2021-07-23,ACTIVE
646,26,BUSINESS,GBP,2023-08-10,ACTIVE
647,194,SAVINGS,EUR,2022-07-29,ACTIVE
648,228,BUSINESS,GBP,2024-10-20,ACTIVE
649,256,SAVINGS,GBP,2022-10-15,ACTIVE
650,382,BUSINESS,GBP,2022-04-06,ACTIVE
651,212,CURRENT,GBP,2020-01-01,ACTIVE
652,423,CURRENT,GBP,2023-06-21,ACTIVE
653,327,SAVINGS,EUR,2023-09-02,ACTIVE
654,344,SAVINGS,USD,2024-08-17,ACTIVE
655,28,CURRENT,USD,2023-02-21,ACTIVE
656,393,BUSINESS,GBP,2024-01-07,ACTIVE
657,337,SAVINGS,GBP,2020-08-21,ACTIVE
658,50,BUSINESS,GBP,2021-11-30,ACTIVE
659,182,BUSINESS,USD,2023-01-26,ACTIVE
660,268,SAVINGS,GBP,2020-04-03,ACTIVE
661,460,CURRENT,GBP,2024-08-10,ACTIVE
662,368,BUSINESS,GBP,2020-08-07,ACTIVE
663,131,BUSINESS,GBP,2020-09-04,ACTIVE
664,477,SAVINGS,GBP,2024-08-15,ACTIVE
665,401,CURRENT,GBP,2020-08-08,ACTIVE
666,388,SAVINGS,GBP,2023-07-20,ACTIVE
667,429,BUSINESS,GBP,2024-04-30,ACTIVE
668,457,SAVINGS,GBP,2023-04-21,ACTIVE
669,490,BUSINESS,GBP,2022-10-18,ACTIVE
670,3,BUSINESS,GBP,2023-02-07,ACTIVE
671,479,SAVINGS,USD,2022-11-07,ACTIVE
672,400,CURRENT,GBP,2020-12-21,ACTIVE
673,375,CURRENT,GBP,2023-09-08,ACTIVE
674,308,BUSINESS,USD,2022-05-07,ACTIVE
675,312,BUSINESS,GBP,2021-07-14,ACTIVE
676,204,SAVINGS,USD,2024-07-06,ACTIVE
677,69,CURRENT,GBP,2023-12-04,ACTIVE
678,454,BUSINESS,GBP,2024-09-22,ACTIVE
679,360,BUSINESS,EUR,2021-02-15,ACTIVE
680,108,BUSINESS,GBP,2023-11-07,ACTIVE
681,177,BUSINESS,GBP,2023-12-25,ACTIVE
682,333,CURRENT,GBP,2023-11-22,ACTIVE
683,327,SAVINGS,GBP,2024-04-07,ACTIVE
684,181,BUSINESS,GBP,2023-03-14,ACTIVE
685,483,BUSINESS,GBP,2023-10-12,ACTIVE
686,383,BUSINESS,GBP,2024-10-01,ACTIVE
687,217,CURRENT,GBP,2020-02-21,ACTIVE
688,196,CURRENT,GBP,2020-04-25,ACTIVE
689,103,SAVINGS,GBP,2020-11-25,ACTIVE
690,147,BUSINESS,GBP,2024-09-15,ACTIVE
691,32,BUSINESS,GBP,2021-02-21,ACTIVE
692,386,BUSINESS,GBP,2024-07-25,ACTIVE
693,232,CURRENT,GBP,2023-10-15,ACTIVE
694,379,BUSINESS,USD,2021-05-01,ACTIVE
695,262,BUSINESS,GBP,2023-09-22,ACTIVE
696,25,SAVINGS,GBP,2024-06-02,ACTIVE
697,500,BUSINESS,GBP,2023-02-04,ACTIVE
698,28,CURRENT,GBP,2021-02-19,ACTIVE
699,318,SAVINGS,USD,2024-03-26,ACTIVE
700,302,BUSINESS,GBP,2021-02-06,ACTIVE
701,398,BUSINESS,USD,2022-07-08,ACTIVE
702,91,BUSINESS,GBP,2020-12-21,ACTIVE
703,377,BUSINESS,GBP,2020-03-24,ACTIVE
704,220,SAVINGS,GBP,2020-09-23,ACTIVE
705,83,BUSINESS,EUR,2021-11-07,ACTIVE
706,239,BUSINESS,EUR,2020-11-10,ACTIVE
707,476,SAVINGS,GBP,2024-05-03,ACTIVE
708,478,BUSINESS,GBP,2023-09-17,ACTIVE
709,155,SAVINGS,GBP,2023-01-31,ACTIVE
710,184,CURRENT,GBP,2021-10-12,ACTIVE
711,270,CURRENT,EUR,2024-05-29,ACTIVE
712,259,CURRENT,GBP,2023-01-04,ACTIVE
713,207,CURRENT,GBP,2024-12-14,ACTIVE
714,110,BUSINESS,GBP,2022-01-08,ACTIVE
715,151,CURRENT,USD,2023-02-23,ACTIVE
716,422,BUSINESS,GBP,2023-10-01,ACTIVE
717,178,SAVINGS,GBP,2023-08-08,ACTIVE
718,315,BUSINESS,GBP,2020-03-22,ACTIVE
719,350,SAVINGS,GBP,2024-06-18,ACTIVE
720,484,CURRENT,GBP,2023-01-11,ACTIVE
721,371,SAVINGS,GBP,2022-11-24,ACTIVE
722,421,SAVINGS,GBP,2022-11-07,ACTIVE
723,229,SAVINGS,GBP,2023-08-27,ACTIVE
724,99,SAVINGS,GBP,2020-07-15,ACTIVE
725,86,BUSINESS,GBP,2023-07-07,ACTIVE
726,34,CURRENT,GBP,2024-05-03,ACTIVE
727,110,BUSINESS,GBP,2020-07-31,ACTIVE
728,106,BUSINESS,USD,2023-08-17,ACTIVE
729,419,CURRENT,GBP,2020-11-10,ACTIVE
730,13,SAVINGS,GBP,2020-03-18,ACTIVE
731,45,CURRENT,GBP,2024-06-14,ACTIVE
732,129,BUSINESS,GBP,2024-08-09,ACTIVE
733,117,SAVINGS,GBP,2022-07-12,ACTIVE
734,323,SAVINGS,GBP,2020-02-04,ACTIVE
735,200,BUSINESS,GBP,2020-01-13,ACTIVE
736,329,BUSINESS,GBP,2024-03-28,ACTIVE
737,382,BUSINESS,GBP,2024-10-03,ACTIVE
738,38,SAVINGS,EUR,2021-08-16,ACTIVE
739,403,BUSINESS,GBP,2020-06-26,ACTIVE
740,145,SAVINGS,GBP,2024-08-10,ACTIVE
741,339,CURRENT,GBP,2022-12-28,ACTIVE
742,113,CURRENT,GBP,2024-06-19,ACTIVE
743,409,BUSINESS,GBP,2023-07-22,ACTIVE
744,74,SAVINGS,GBP,2024-06-16,ACTIVE
745,444,BUSINESS,GBP,2020-01-23,ACTIVE
746,284,BUSINESS,GBP,2020-03-26,ACTIVE
747,3,BUSINESS,GBP,2023-01-05,ACTIVE
748,281,CURRENT,GBP,2024-03-12,ACTIVE
749,380,BUSINESS,GBP,2022-04-25,ACTIVE
750,464,BUSINESS,EUR,2020-11-25,ACTIVE
751,95,CURRENT,GBP,2021-06-01,ACTIVE
752,100,CURRENT,GBP,2024-06-25,ACTIVE
753,291,CURRENT,USD,2023-08-13,ACTIVE
754,282,CURRENT,GBP,2020-05-17,ACTIVE
755,129,CURRENT,GBP,2023-04-04,ACTIVE
756,250,SAVINGS,GBP,2023-10-06,ACTIVE
757,336,CURRENT,GBP,2023-06-22,ACTIVE
758,36,CURRENT,GBP,2022-07-11,ACTIVE
759,169,BUSINESS,GBP,2023-11-21,ACTIVE
760,300,CURRENT,GBP,2022-01-16,ACTIVE
761,414,SAVINGS,EUR,2020-01-10,ACTIVE
762,161,CURRENT,GBP,2023-12-29,ACTIVE
763,379,BUSINESS,GBP,2024-09-16,ACTIVE
764,185,CURRENT,GBP,2021-11-10,ACTIVE
765,450,SAVINGS,GBP,2022-01-04,ACTIVE
766,397,SAVINGS,GBP,2020-08-10,ACTIVE
767,90,BUSINESS,GBP,2024-09-19,ACTIVE
768,144,CURRENT,EUR,2021-06-23,ACTIVE
769,376,BUSINESS,GBP,2020-06-03,ACTIVE
770,457,CURRENT,EUR,2024-07-22,ACTIVE
771,298,BUSINESS,GBP,2023-04-23,ACTIVE
772,109,CURRENT,GBP,2023-01-18,ACTIVE
773,458,BUSINESS,GBP,2024-05-06,ACTIVE
774,77,SAVINGS,GBP,2024-12-30,ACTIVE
775,396,BUSINESS,GBP,2021-08-18,ACTIVE
776,69,SAVINGS,GBP,2020-07-04,ACTIVE
777,204,SAVINGS,GBP,2023-09-19,ACTIVE
778,123,BUSINESS,GBP,2024-03-30,ACTIVE
779,264,CURRENT,GBP,2021-01-01,ACTIVE
780,290,BUSINESS,GBP,2020-10-26,ACTIVE
781,377,BUSINESS,GBP,2022-01-04,ACTIVE
782,21,CURRENT,GBP,2021-04-19,ACTIVE
783,33,SAVINGS,GBP,2020-03-28,ACTIVE
784,343,CURRENT,GBP,2024-06-08,ACTIVE
785,185,SAVINGS,GBP,2022-07-20,ACTIVE
786,452,CURRENT,GBP,2023-08-21,ACTIVE
787,166,CURRENT,GBP,2022-12-03,ACTIVE
788,325,SAVINGS,USD,2023-03-31,ACTIVE
789,279,BUSINESS,GBP,2023-08-31,ACTIVE
790,194,SAVINGS,GBP,2024-09-07,ACTIVE
791,40,BUSINESS,GBP,2021-04-01,ACTIVE
792,265,SAVINGS,GBP,2024-11-12,ACTIVE
793,177,SAVINGS,GBP,2024-12-21,ACTIVE
794,310,CURRENT,GBP,2020-10-11,ACTIVE
795,226,CURRENT,GBP,2022-11-19,ACTIVE
796,330,SAVINGS,GBP,2021-01-17,ACTIVE
797,81,SAVINGS,GBP,2024-07-31,ACTIVE
798,61,BUSINESS,GBP,2024-07-19,ACTIVE
799,170,BUSINESS,GBP,2023-10-14,ACTIVE
800,246,SAVINGS,GBP,2020-11-26,ACTIVE
