customer_id,name,country,risk_rating,onboard_date
1,Customer_1,US,LOW,2021-11-19
2,Customer_2,IN,LOW,2022-04-08
3,Customer_3,IN,LOW,2022-08-15
4,Customer_4,FR,HIGH,2022-12-29
5,Customer_5,GB,MEDIUM,2023-04-27
6,Customer_6,AE,LOW,2020-06-20
7,Customer_7,IN,LOW,2024-11-10
8,Customer_8,US,LOW,2021-06-16
9,Customer_9,US,LOW,2022-07-20
10,Customer_10,DE,LOW,2024-12-06
11,Customer_11,US,LOW,2024-08-30
12,Customer_12,US,LOW,2020-06-16
13,Customer_13,US,LOW,2023-01-09
14,Customer_14,GB,HIGH,2021-12-17
15,Customer_15,FR,LOW,2024-05-18
16,Customer_16,IN,LOW,2020-03-04
17,Customer_17,FR,LOW,2020-02-11
18,Customer_18,AE,LOW,2020-09-15
19,Customer_19,US,LOW,2023-03-01
20,Customer_20,FR,LOW,2021-06-08
21,Customer_21,DE,LOW,2023-05-28
22,Customer_22,IN,MEDIUM,2024-05-11
23,Customer_23,FR,HIGH,2020-08-09
24,Customer_24,AE,LOW,2021-09-30
25,Customer_25,AE,LOW,2022-02-07
26,Customer_26,US,MEDIUM,2021-02-10
27,Customer_27,GB,LOW,2024-08-28
28,Customer_28,IN,LOW,2023-11-28
29,Customer_29,DE,MEDIUM,2023-05-14
30,Customer_30,GB,MEDIUM,2023-03-05
31,Customer_31,GB,LOW,2022-05-27
32,Customer_32,IN,LOW,2022-11-02
33,Customer_33,IN,LOW,2024-10-05
34,Customer_34,US,MEDIUM,2020-08-04
35,Customer_35,US,HIGH,2023-07-25
36,Customer_36,US,MEDIUM,2022-06-10
37,Customer_37,FR,MEDIUM,2023-08-25
38,Customer_38,DE,LOW,2023-01-07
39,Customer_39,US,LOW,2024-08-18
40,Customer_40,IN,LOW,2021-10-22
41,Customer_41,FR,MEDIUM,2020-06-26
42,Customer_42,DE,MEDIUM,2021-05-14
43,Customer_43,US,LOW,2023-09-30
44,Customer_44,US,LOW,2022-10-09
45,Customer_45,DE,LOW,2021-03-10
46,Customer_46,DE,MEDIUM,2021-11-28
47,Customer_47,DE,MEDIUM,2023-12-07
48,Customer_48,DE,LOW,2022-11-24
49,Customer_49,FR,LOW,2024-01-14
50,Customer_50,US,LOW,2024-04-01
51,Customer_51,FR,LOW,2023-08-15
52,Customer_52,IN,LOW,2024-06-11
53,Customer_53,GB,LOW,2021-03-29
54,Customer_54,US,LOW,2021-09-19
55,Customer_55,IN,LOW,2022-08-27
56,Customer_56,AE,LOW,2022-05-21
57,Customer_57,IN,LOW,2021-12-21
58,Customer_58,IN,LOW,2021-09-19
59,Customer_59,DE,LOW,2024-01-17
60,Customer_60,FR,LOW,2024-03-01
61,Customer_61,AE,HIGH,2023-11-14
62,Customer_62,FR,LOW,2024-02-21
63,Customer_63,US,LOW,2023-04-22
64,Customer_64,AE,LOW,2020-07-24
65,Customer_65,FR,LOW,2022-01-09
66,Customer_66,FR,LOW,2023-12-21
67,Customer_67,AE,LOW,2020-04-03
68,Customer_68,GB,LOW,2023-11-29
69,Customer_69,FR,LOW,2024-03-21
70,Customer_70,US,LOW,2020-01-26
71,Customer_71,AE,LOW,2022-09-07
72,Customer_72,US,LOW,2020-04-15
73,Customer_73,DE,MEDIUM,2022-09-05
74,Customer_74,GB,MEDIUM,2022-03-31
75,Customer_75,US,LOW,2023-07-13
76,Customer_76,IN,LOW,2020-11-01
77,Customer_77,AE,MEDIUM,2020-06-23
78,Customer_78,FR,LOW,2024-04-14
79,Customer_79,US,LOW,2024-06-07
80,Customer_80,AE,LOW,2022-12-06
81,Customer_81,US,LOW,2022-06-25
82,Customer_82,DE,MEDIUM,2022-05-28
83,Customer_83,DE,LOW,2020-05-03
84,Customer_84,AE,HIGH,2020-07-22
85,Customer_85,FR,LOW,2021-06-25
86,Customer_86,IN,LOW,2021-05-06
87,Customer_87,FR,LOW,2020-11-16
88,Customer_88,GB,LOW,2023-11-12
89,Customer_89,AE,LOW,2020-03-07
90,Customer_90,FR,LOW,2021-08-02
91,Customer_91,IN,MEDIUM,2020-05-25
92,Customer_92,IN,LOW,2021-06-25
93,Customer_93,IN,LOW,2024-07-04
94,Customer_94,FR,LOW,2023-01-20
95,Customer_95,FR,LOW,2021-06-28
96,Customer_96,FR,LOW,2020-12-05
97,Customer_97,DE,LOW,2024-08-15
98,Customer_98,AE,MEDIUM,2022-06-18
99,Customer_99,GB,LOW,2021-09-14
100,Customer_100,IN,LOW,2021-07-11
101,Customer_101,AE,LOW,2022-06-15
102,Customer_102,GB,LOW,2024-12-26
103,Customer_103,US,MEDIUM,2023-05-21
104,Customer_104,DE,LOW,2021-04-13
105,Customer_105,IN,MEDIUM,2023-03-24
106,Customer_106,AE,HIGH,2024-04-15
107,Customer_107,IN,MEDIUM,2023-03-26
108,Customer_108,GB,MEDIUM,2020-12-24
109,Customer_109,US,LOW,2022-06-24
110,Customer_110,DE,LOW,2023-04-13
111,Customer_111,US,LOW,2022-10-04
112,Customer_112,GB,LOW,2022-04-16
113,Customer_113,DE,LOW,2020-08-02
114,Customer_114,FR,LOW,2023-11-21
115,Customer_115,US,LOW,2022-03-31
116,Customer_116,AE,LOW,2020-06-29
117,Customer_117,DE,LOW,2020-08-25
118,Customer_118,US,MEDIUM,2024-08-16
119,Customer_119,GB,LOW,2023-01-16
120,Customer_120,US,LOW,2021-01-19
121,Customer_121,AE,LOW,2024-03-29
122,Customer_122,US,LOW,2024-04-05
123,Customer_123,GB,LOW,2023-01-29
124,Customer_124,FR,MEDIUM,2022-06-16
125,Customer_125,IN,LOW,2020-02-29
126,Customer_126,IN,LOW,2021-05-05
127,Customer_127,IN,LOW,2023-02-02
128,Customer_128,GB,LOW,2020-07-09
129,Customer_129,FR,HIGH,2020-08-20
130,Customer_130,US,MEDIUM,2023-08-19
131,Customer_131,FR,LOW,2024-01-07
132,Customer_132,DE,LOW,2021-07-13
133,Customer_133,US,MEDIUM,2022-08-25
134,Customer_134,FR,LOW,2020-10-23
135,Customer_135,US,LOW,2023-05-12
136,Customer_136,AE,MEDIUM,2020-10-06
137,Customer_137,GB,LOW,2024-06-05
138,Customer_138,US,LOW,2024-06-01
139,Customer_139,AE,LOW,2020-01-06
140,Customer_140,DE,MEDIUM,2024-09-11
141,Customer_141,AE,LOW,2023-09-13
142,Customer_142,US,MEDIUM,2022-07-03
143,Customer_143,AE,LOW,2021-11-11
144,Customer_144,AE,MEDIUM,2022-02-11
145,Customer_145,US,MEDIUM,2024-11-15
146,Customer_146,FR,HIGH,2021-05-04
147,Customer_147,AE,LOW,2024-10-19
148,Customer_148,US,LOW,2024-03-05
149,Customer_149,US,MEDIUM,2024-07-19
150,Customer_150,US,LOW,2023-09-21
151,Customer_151,IN,HIGH,2022-10-11
152,Customer_152,GB,LOW,2023-04-23
153,Customer_153,DE,MEDIUM,2024-11-25
154,Customer_154,US,LOW,2022-07-24
155,Customer_155,GB,MEDIUM,2022-04-19
156,Customer_156,IN,HIGH,2020-06-02
157,Customer_157,US,MEDIUM,2021-06-26
158,Customer_158,DE,LOW,2022-03-25
159,Customer_159,IN,LOW,2021-11-03
160,Customer_160,IN,MEDIUM,2022-02-17
161,Customer_161,DE,LOW,2024-12-22
162,Customer_162,US,MEDIUM,2020-03-14
163,Customer_163,AE,LOW,2023-07-16
164,Customer_164,IN,MEDIUM,2021-04-10
165,Customer_165,IN,LOW,2020-07-20
166,Customer_166,IN,MEDIUM,2020-07-24
167,Customer_167,US,LOW,2021-09-05
168,Customer_168,GB,LOW,2024-06-18
169,Customer_169,GB,LOW,2022-02-06
170,Customer_170,US,LOW,2022-12-23
171,Customer_171,US,LOW,2024-06-11
172,Customer_172,FR,LOW,2020-06-10
173,Customer_173,AE,MEDIUM,2023-06-23
174,Customer_174,IN,LOW,2023-04-09
175,Customer_175,FR,LOW,2023-07-30
176,Customer_176,DE,LOW,2023-09-27
177,Customer_177,GB,MEDIUM,2022-08-10
178,Customer_178,DE,LOW,2020-11-19
179,Customer_179,GB,LOW,2021-12-08
180,Customer_180,AE,LOW,2022-05-18
181,Customer_181,IN,LOW,2024-09-27
182,Customer_182,DE,LOW,2022-02-26
183,Customer_183,US,LOW,2022-02-20
184,Customer_184,AE,LOW,2021-08-28
185,Customer_185,IN,LOW,2024-08-26
186,Customer_186,IN,LOW,2020-01-17
187,Customer_187,AE,MEDIUM,2024-05-12
188,Customer_188,IN,HIGH,2023-05-26
189,Customer_189,IN,LOW,2021-08-09
190,Customer_190,FR,LOW,2021-12-22
191,Customer_191,FR,LOW,2023-06-25
192,Customer_192,DE,LOW,2024-01-16
193,Customer_193,IN,LOW,2020-10-07
194,Customer_194,IN,LOW,2023-07-09
195,Customer_195,IN,LOW,2024-06-03
196,Customer_196,US,LOW,2022-01-17
197,Customer_197,IN,LOW,2021-08-27
198,Customer_198,DE,MEDIUM,2020-12-25
199,Customer_199,FR,LOW,2023-01-09
200,Customer_200,DE,LOW,2021-07-12
201,Customer_201,FR,LOW,2024-08-15
202,Customer_202,US,HIGH,2021-08-27
203,Customer_203,IN,MEDIUM,2024-07-05
204,Customer_204,GB,LOW,2020-06-03
205,Customer_205,FR,MEDIUM,2021-04-07
206,Customer_206,IN,MEDIUM,2022-03-24
207,Customer_207,AE,LOW,2024-06-07
208,Customer_208,US,LOW,2023-01-03
209,Customer_209,GB,LOW,2023-10-09
210,Customer_210,IN,LOW,2023-04-12
211,Customer_211,US,MEDIUM,2022-01-30
212,Customer_212,GB,LOW,2022-08-23
213,Customer_213,GB,LOW,2023-02-23
214,Customer_214,DE,MEDIUM,2021-03-29
215,Customer_215,IN,LOW,2024-08-14
216,Customer_216,US,MEDIUM,2021-09-10
217,Customer_217,IN,LOW,2020-10-13
218,Customer_218,GB,MEDIUM,2021-09-15
219,Customer_219,US,LOW,2021-04-25
220,Customer_220,AE,LOW,2022-07-18
221,Customer_221,DE,LOW,2024-03-01
222,Customer_222,IN,MEDIUM,2022-05-08
223,Customer_223,AE,MEDIUM,2020-11-12
224,Customer_224,US,LOW,2024-09-03
225,Customer_225,US,LOW,2021-07-26
226,Customer_226,GB,LOW,2021-03-20
227,Customer_227,US,LOW,2021-04-28
228,Customer_228,DE,LOW,2023-11-05
229,Customer_229,DE,LOW,2023-08-13
230,Customer_230,DE,LOW,2021-07-19
231,Customer_231,FR,HIGH,2024-10-02
232,Customer_232,US,LOW,2021-03-10
233,Customer_233,IN,LOW,2020-02-13
234,Customer_234,GB,MEDIUM,2021-05-13
235,Customer_235,FR,MEDIUM,2021-02-24
236,Customer_236,GB,MEDIUM,2023-02-09
237,Customer_237,FR,LOW,2024-07-23
238,Customer_238,FR,LOW,2020-10-29
239,Customer_239,AE,LOW,2024-10-24
240,Customer_240,FR,HIGH,2023-01-11
241,Customer_241,DE,MEDIUM,2020-08-13
242,Customer_242,IN,MEDIUM,2020-09-26
243,Customer_243,GB,LOW,2024-06-02
244,Customer_244,FR,LOW,2020-02-02
245,Customer_245,FR,LOW,2020-09-16
246,Customer_246,IN,LOW,2020-08-20
247,Customer_247,IN,LOW,2022-07-07
248,Customer_248,DE,LOW,2020-08-11
249,Customer_249,US,LOW,2023-06-13
250,Customer_250,GB,MEDIUM,2024-11-10
251,Customer_251,IN,LOW,2022-07-27
252,Customer_252,IN,HIGH,2020-05-04
253,Customer_253,US,MEDIUM,2022-05-23
254,Customer_254,IN,LOW,2023-12-29
255,Customer_255,US,LOW,2020-06-14
256,Customer_256,DE,LOW,2020-05-14
257,Customer_257,FR,LOW,2023-07-20
258,Customer_258,AE,LOW,2021-10-27
259,Customer_259,US,HIGH,2022-12-22
260,Customer_260,DE,LOW,2023-05-24
261,Customer_261,US,LOW,2023-12-08
262,Customer_262,GB,MEDIUM,2023-08-26
263,Customer_263,AE,MEDIUM,2021-03-16
264,Customer_264,US,LOW,2021-04-12
265,Customer_265,US,LOW,2022-07-17
266,Customer_266,US,LOW,2020-07-13
267,Customer_267,DE,LOW,2023-09-24
268,Customer_268,DE,LOW,2020-11-08
269,Customer_269,IN,MEDIUM,2020-05-17
270,Customer_270,GB,MEDIUM,2020-07-09
271,Customer_271,US,LOW,2024-02-22
272,Customer_272,DE,MEDIUM,2023-02-13
273,Customer_273,GB,LOW,2023-02-24
274,Customer_274,AE,LOW,2020-09-07
275,Customer_275,US,LOW,2023-09-24
276,Customer_276,US,MEDIUM,2024-01-16
277,Customer_277,GB,HIGH,2023-05-14
278,Customer_278,DE,LOW,2023-03-29
279,Customer_279,AE,LOW,2023-09-06
280,Customer_280,US,LOW,2020-08-09
281,Customer_281,DE,MEDIUM,2022-01-22
282,Customer_282,GB,MEDIUM,2023-03-21
283,Customer_283,FR,MEDIUM,2024-09-26
284,Customer_284,AE,HIGH,2024-08-03
285,Customer_285,AE,LOW,2023-08-09
286,Customer_286,AE,LOW,2023-09-09
287,Customer_287,IN,LOW,2021-01-04
288,Customer_288,DE,MEDIUM,2021-09-24
289,Customer_289,DE,LOW,2021-01-06
290,Customer_290,FR,LOW,2022-03-31
291,Customer_291,GB,LOW,2023-07-20
292,Customer_292,GB,LOW,2022-12-22
293,Customer_293,FR,LOW,2022-07-18
294,Customer_294,DE,LOW,2021-09-30
295,Customer_295,IN,LOW,2023-03-08
296,Customer_296,AE,LOW,2020-04-17
297,Customer_297,FR,LOW,2023-06-19
298,Customer_298,GB,LOW,2021-07-11
299,Customer_299,US,LOW,2022-09-21
300,Customer_300,AE,LOW,2021-07-13
301,Customer_301,FR,MEDIUM,2020-08-21
302,Customer_302,DE,LOW,2021-08-03
303,Customer_303,IN,LOW,2022-09-23
304,Customer_304,AE,LOW,2020-04-03
305,Customer_305,FR,LOW,2023-05-12
306,Customer_306,GB,LOW,2021-09-09
307,Customer_307,FR,MEDIUM,2024-04-14
308,Customer_308,DE,LOW,2020-09-02
309,Customer_309,GB,LOW,2022-05-31
310,Customer_310,FR,LOW,2022-12-26
311,Customer_311,IN,LOW,2023-02-18
312,Customer_312,IN,MEDIUM,2020-05-27
313,Customer_313,US,MEDIUM,2020-03-27
314,Customer_314,US,LOW,2020-06-08
315,Customer_315,DE,LOW,2023-03-20
316,Customer_316,US,MEDIUM,2022-05-05
317,Customer_317,DE,LOW,2020-02-12
318,Customer_318,DE,LOW,2023-06-19
319,Customer_319,US,MEDIUM,2022-01-11
320,Customer_320,GB,LOW,2020-08-04
321,Customer_321,FR,LOW,2022-03-31
322,Customer_322,AE,LOW,2024-11-17
323,Customer_323,DE,MEDIUM,2021-03-29
324,Customer_324,DE,MEDIUM,2020-06-05
325,Customer_325,AE,LOW,2022-12-22
326,Customer_326,AE,LOW,2024-05-08
327,Customer_327,DE,LOW,2024-08-04
328,Customer_328,IN,MEDIUM,2021-04-28
329,Customer_329,GB,LOW,2021-02-08
330,Customer_330,FR,LOW,2024-04-05
331,Customer_331,IN,LOW,2024-05-01
332,Customer_332,IN,LOW,2024-03-25
333,Customer_333,AE,MEDIUM,2022-07-08
334,Customer_334,IN,MEDIUM,2023-03-02
335,Customer_335,IN,LOW,2023-07-03
336,Customer_336,DE,MEDIUM,2023-07-08
337,Customer_337,DE,LOW,2020-05-19
338,Customer_338,US,LOW,2021-09-12
339,Customer_339,DE,LOW,2021-12-21
340,Customer_340,AE,LOW,2022-08-03
341,Customer_341,US,LOW,2022-01-25
342,Customer_342,DE,LOW,2024-11-04
343,Customer_343,GB,LOW,2022-11-04
344,Customer_344,US,LOW,2023-02-09
345,Customer_345,IN,MEDIUM,2022-07-10
346,Customer_346,AE,LOW,2021-10-20
347,Customer_347,AE,LOW,2020-11-04
348,Customer_348,GB,LOW,2024-07-18
349,Customer_349,DE,HIGH,2020-06-21
350,Customer_350,AE,LOW,2020-03-21
351,Customer_351,FR,MEDIUM,2022-06-18
352,Customer_352,AE,LOW,2020-11-21
353,Customer_353,DE,LOW,2021-08-02
354,Customer_354,US,LOW,2021-11-23
355,Customer_355,IN,LOW,2024-06-04
356,Customer_356,IN,LOW,2020-05-14
357,Customer_357,DE,LOW,2023-10-21
358,Customer_358,US,LOW,2024-01-22
359,Customer_359,IN,HIGH,2023-05-19
360,Customer_360,FR,LOW,2023-04-08
361,Customer_361,IN,LOW,2021-12-17
362,Customer_362,DE,HIGH,2023-12-01
363,Customer_363,IN,LOW,2023-05-03
364,Customer_364,IN,MEDIUM,2021-09-26
365,Customer_365,AE,LOW,2024-06-09
366,Customer_366,DE,MEDIUM,2023-10-04
367,Customer_367,IN,MEDIUM,2024-02-22
368,Customer_368,IN,MEDIUM,2020-07-10
369,Customer_369,IN,LOW,2022-11-07
370,Customer_370,DE,LOW,2021-09-24
371,Customer_371,FR,HIGH,2021-11-30
372,Customer_372,US,LOW,2020-10-08
373,Customer_373,FR,LOW,2024-09-25
374,Customer_374,GB,LOW,2023-01-10
375,Customer_375,IN,MEDIUM,2020-03-18
376,Customer_376,IN,LOW,2024-04-18
377,Customer_377,AE,LOW,2022-02-10
378,Customer_378,FR,LOW,2024-08-29
379,Customer_379,IN,MEDIUM,2024-07-14
380,Customer_380,FR,MEDIUM,2020-03-30
381,Customer_381,US,LOW,2024-01-13
382,Customer_382,FR,HIGH,2023-06-04
383,Customer_383,DE,MEDIUM,2024-05-24
384,Customer_384,US,LOW,2021-05-04
385,Customer_385,DE,HIGH,2024-05-25
386,Customer_386,US,MEDIUM,2021-02-01
387,Customer_387,DE,LOW,2023-03-14
388,Customer_388,US,LOW,2021-07-31
389,Customer_389,US,LOW,2022-05-07
390,Customer_390,FR,MEDIUM,2024-06-28
391,Customer_391,AE,LOW,2021-05-27
392,Customer_392,GB,LOW,2024-11-25
393,Customer_393,DE,LOW,2020-07-29
394,Customer_394,IN,MEDIUM,2024-10-09
395,Customer_395,GB,LOW,2024-04-11
396,Customer_396,FR,LOW,2022-11-17
397,Customer_397,FR,MEDIUM,2020-07-06
398,Customer_398,FR,MEDIUM,2024-12-16
399,Customer_399,DE,MEDIUM,2022-04-29
400,Customer_400,GB,LOW,2022-02-04
401,Customer_401,FR,LOW,2020-06-16
402,Customer_402,DE,LOW,2021-10-14
403,Customer_403,GB,MEDIUM,2023-08-24
404,Customer_404,DE,MEDIUM,2020-10-08
405,Customer_405,GB,LOW,2024-08-26
406,Customer_406,US,LOW,2020-10-11
407,Customer_407,IN,LOW,2023-06-14
408,Customer_408,GB,MEDIUM,2020-02-08
409,Customer_409,DE,LOW,2020-11-02
410,Customer_410,AE,MEDIUM,2023-05-31
411,Customer_411,AE,LOW,2024-05-08
412,Customer_412,DE,LOW,2020-09-06
413,Customer_413,GB,LOW,2023-08-01
414,Customer_414,AE,LOW,2020-08-15
415,Customer_415,US,LOW,2020-02-03
416,Customer_416,IN,LOW,2021-05-10
417,Customer_417,IN,LOW,2022-05-29
418,Customer_418,GB,LOW,2021-05-07
419,Customer_419,AE,LOW,2023-09-22
420,Customer_420,IN,LOW,2022-01-08
421,Customer_421,GB,HIGH,2023-01-19
422,Customer_422,AE,MEDIUM,2022-11-05
423,Customer_423,AE,LOW,2024-11-23
424,Customer_424,US,LOW,2022-03-03
425,Customer_425,DE,LOW,2020-02-03
426,Customer_426,DE,MEDIUM,2021-12-07
427,Customer_427,FR,MEDIUM,2023-07-10
428,Customer_428,GB,MEDIUM,2024-02-14
429,Customer_429,DE,LOW,2021-12-22
430,Customer_430,AE,LOW,2023-08-09
431,Customer_431,FR,MEDIUM,2023-11-03
432,Customer_432,US,HIGH,2022-09-07
433,Customer_433,IN,LOW,2020-10-03
434,Customer_434,GB,MEDIUM,2022-07-26
435,Customer_435,GB,LOW,2020-03-30
436,Customer_436,FR,MEDIUM,2021-10-08
437,Customer_437,DE,LOW,2024-07-27
438,Customer_438,AE,LOW,2020-03-15
439,Customer_439,IN,LOW,2022-01-01
440,Customer_440,GB,MEDIUM,2021-11-10
441,Customer_441,DE,LOW,2022-01-23
442,Customer_442,US,MEDIUM,2024-03-02
443,Customer_443,US,MEDIUM,2022-03-02
444,Customer_444,DE,HIGH,2022-10-13
445,Customer_445,IN,LOW,2024-06-20
446,Customer_446,AE,LOW,2020-06-18
447,Customer_447,IN,LOW,2022-05-31
448,Customer_448,AE,HIGH,2021-01-04
449,Customer_449,AE,LOW,2020-07-29
450,Customer_450,GB,LOW,2021-08-28
451,Customer_451,DE,LOW,2024-01-09
452,Customer_452,US,LOW,2022-06-28
453,Customer_453,DE,LOW,2024-01-28
454,Customer_454,DE,LOW,2022-06-09
455,Customer_455,DE,LOW,2024-06-08
456,Customer_456,GB,LOW,2023-07-29
457,Customer_457,US,LOW,2024-06-28
458,Customer_458,IN,LOW,2020-03-04
459,Customer_459,FR,MEDIUM,2023-10-20
460,Customer_460,US,LOW,2020-05-17
461,Customer_461,FR,MEDIUM,2022-01-20
462,Customer_462,DE,LOW,2023-03-07
463,Customer_463,GB,LOW,2023-10-22
464,Customer_464,US,MEDIUM,2022-01-31
465,Customer_465,US,MEDIUM,2023-03-21
466,Customer_466,FR,LOW,2022-03-26
467,Customer_467,DE,LOW,2021-05-26
468,Customer_468,GB,LOW,2021-01-16
469,Customer_469,US,LOW,2023-02-24
470,Customer_470,GB,LOW,2021-06-17
471,Customer_471,IN,LOW,2023-06-07
472,Customer_472,DE,LOW,2022-10-02
473,Customer_473,FR,LOW,2024-10-12
474,Customer_474,GB,LOW,2023-12-31
475,Customer_475,US,HIGH,2024-07-17
476,Customer_476,IN,HIGH,2021-10-16
477,Customer_477,IN,LOW,2020-05-12
478,Customer_478,AE,LOW,2024-12-30
479,Customer_479,DE,MEDIUM,2023-12-28
480,Customer_480,IN,MEDIUM,2023-07-30
481,Customer_481,FR,MEDIUM,2022-11-07
482,Customer_482,FR,LOW,2021-02-15
483,Customer_483,FR,LOW,2022-10-08
484,Customer_484,GB,LOW,2023-03-18
485,Customer_485,DE,LOW,2023-02-03
486,Customer_486,FR,LOW,2020-06-25
487,Customer_487,GB,LOW,2024-01-08
488,Customer_488,IN,LOW,2022-04-21
489,Customer_489,US,MEDIUM,2020-05-31
490,Customer_490,FR,HIGH,2023-08-08
491,Customer_491,GB,LOW,2023-10-24
492,Customer_492,AE,LOW,2024-12-03
493,Customer_493,AE,LOW,2021-01-07
494,Customer_494,FR,LOW,2024-11-13
495,Customer_495,GB,MEDIUM,2022-11-27
496,Customer_496,FR,LOW,2020-11-27
497,Customer_497,DE,MEDIUM,2021-04-06
498,Customer_498,DE,MEDIUM,2022-11-28
499,Customer_499,DE,MEDIUM,2021-05-28
500,Customer_500,FR,LOW,2023-02-02
