location_id,city,country,lat,lng
1,Mumbai,IN,19.076,72.8777
2,Birmingham,GB,52.4862,-1.8904
3,Berlin,DE,52.52,13.405
4,Paris,FR,48.8566,2.3522
5,Mumbai,IN,19.076,72.8777
6,Mumbai,IN,19.076,72.8777
7,Abu Dhabi,AE,24.4539,54.3773
8,London,GB,51.5074,-0.1278
9,London,GB,51.5074,-0.1278
10,Paris,FR,48.8566,2.3522
11,Dubai,AE,25.2048,55.2708
12,Delhi,IN,28.7041,77.1025
13,Lyon,FR,45.764,4.8357
14,Abu Dhabi,AE,24.4539,54.3773
15,London,GB,51.5074,-0.1278
16,Delhi,IN,28.7041,77.1025
17,Munich,DE,48.1351,11.582
18,Paris,FR,48.8566,2.3522
19,Berlin,DE,52.52,13.405
20,Manchester,GB,53.4808,-2.2426
21,Manchester,GB,53.4808,-2.2426
22,Munich,DE,48.1351,11.582
23,Birmingham,GB,52.4862,-1.8904
24,New York,US,40.7128,-74.006
25,New York,US,40.7128,-74.006
26,Abu Dhabi,AE,24.4539,54.3773
27,Delhi,IN,28.7041,77.1025
28,Dubai,AE,25.2048,55.2708
29,Mumbai,IN,19.076,72.8777
30,Birmingham,GB,52.4862,-1.8904
31,Lyon,FR,45.764,4.8357
32,London,GB,51.5074,-0.1278
33,Manchester,GB,53.4808,-2.2426
34,Munich,DE,48.1351,11.582
35,Delhi,IN,28.7041,77.1025
36,Lyon,FR,45.764,4.8357
37,Berlin,DE,52.52,13.405
38,Delhi,IN,28.7041,77.1025
39,Mumbai,IN,19.076,72.8777
40,Dubai,AE,25.2048,55.2708
41,Dubai,AE,25.2048,55.2708
42,Lyon,FR,45.764,4.8357
43,Los Angeles,US,34.0522,-118.2437
44,Mumbai,IN,19.076,72.8777
45,Delhi,IN,28.7041,77.1025
46,London,GB,51.5074,-0.1278
47,Manchester,GB,53.4808,-2.2426
48,Los Angeles,US,34.0522,-118.2437
49,London,GB,51.5074,-0.1278
50,Abu Dhabi,AE,24.4539,54.3773
