merchant_id,name,category,country,risk_score
1,Merchant_1,ONLINE,IN,2
2,Merchant_2,MSB,IN,4
3,Merchant_3,ONLINE,DE,1
4,Merchant_4,ONLINE,IN,3
5,Merchant_5,RESTAURANT,DE,3
6,Merchant_6,RESTAURANT,US,3
7,Merchant_7,MSB,DE,2
8,Merchant_8,ONLINE,AE,2
9,Merchant_9,RETAIL,GB,1
10,Merchant_10,ONLINE,IN,1
11,Merchant_11,TRAVEL,US,3
12,Merchant_12,RETAIL,US,2
13,Merchant_13,RESTAURANT,US,3
14,Merchant_14,CRYPTO,AE,1
15,Merchant_15,TRAVEL,IN,1
16,Merchant_16,TRAVEL,AE,2
17,Merchant_17,TRAVEL,DE,1
18,Merchant_18,CRYPTO,US,2
19,Merchant_19,MSB,GB,3
20,Merchant_20,RESTAURANT,FR,3
21,Merchant_21,RETAIL,IN,2
22,Merchant_22,TRAVEL,AE,3
23,Merchant_23,ONLINE,FR,2
24,Merchant_24,ONLINE,AE,3
25,Merchant_25,RETAIL,AE,2
26,Merchant_26,MSB,GB,1
27,Merchant_27,CRYPTO,DE,2
28,Merchant_28,RETAIL,FR,3
29,Merchant_29,RETAIL,GB,3
30,Merchant_30,MSB,GB,5
31,Merchant_31,ONLINE,FR,3
32,Merchant_32,MSB,AE,2
33,Merchant_33,CRYPTO,AE,5
34,Merchant_34,MSB,FR,5
35,Merchant_35,TRAVEL,IN,1
36,Merchant_36,TRAVEL,DE,2
37,Merchant_37,TRAVEL,IN,2
38,Merchant_38,MSB,AE,4
39,Merchant_39,RETAIL,FR,1
40,Merchant_40,RETAIL,DE,1
41,Merchant_41,RESTAURANT,AE,1
42,Merchant_42,RESTAURANT,FR,1
43,Merchant_43,RETAIL,IN,3
44,Merchant_44,RETAIL,FR,1
45,Merchant_45,RETAIL,DE,1
46,Merchant_46,RESTAURANT,FR,2
47,Merchant_47,TRAVEL,US,1
48,Merchant_48,RESTAURANT,FR,3
49,Merchant_49,RESTAURANT,AE,2
50,Merchant_50,ONLINE,US,2
51,Merchant_51,ONLINE,GB,1
52,Merchant_52,TRAVEL,US,2
53,Merchant_53,MSB,US,4
54,Merchant_54,TRAVEL,GB,3
55,Merchant_55,TRAVEL,IN,1
56,Merchant_56,RETAIL,US,3
57,Merchant_57,CRYPTO,GB,2
58,Merchant_58,ONLINE,FR,3
59,Merchant_59,MSB,FR,4
60,Merchant_60,ONLINE,DE,2
61,Merchant_61,ONLINE,GB,2
62,Merchant_62,RESTAURANT,GB,1
63,Merchant_63,TRAVEL,AE,1
64,Merchant_64,RETAIL,FR,1
65,Merchant_65,MSB,US,4
66,Merchant_66,ONLINE,US,1
67,Merchant_67,ONLINE,US,1
68,Merchant_68,MSB,DE,4
69,Merchant_69,CRYPTO,US,5
70,Merchant_70,TRAVEL,IN,2
71,Merchant_71,ONLINE,FR,2
72,Merchant_72,ONLINE,GB,3
73,Merchant_73,TRAVEL,AE,1
74,Merchant_74,TRAVEL,DE,1
75,Merchant_75,RETAIL,AE,2
76,Merchant_76,RESTAURANT,AE,1
77,Merchant_77,RETAIL,AE,1
78,Merchant_78,ONLINE,GB,3
79,Merchant_79,RETAIL,IN,1
80,Merchant_80,MSB,GB,5
81,Merchant_81,ONLINE,AE,3
82,Merchant_82,RETAIL,AE,1
83,Merchant_83,MSB,IN,5
84,Merchant_84,RESTAURANT,AE,2
85,Merchant_85,CRYPTO,FR,3
86,Merchant_86,ONLINE,DE,2
87,Merchant_87,ONLINE,IN,3
88,Merchant_88,CRYPTO,US,3
89,Merchant_89,RETAIL,GB,2
90,Merchant_90,RESTAURANT,AE,1
91,Merchant_91,RETAIL,AE,1
92,Merchant_92,RESTAURANT,DE,1
93,Merchant_93,CRYPTO,GB,2
94,Merchant_94,CRYPTO,DE,2
95,Merchant_95,MSB,AE,3
96,Merchant_96,RESTAURANT,IN,3
97,Merchant_97,RETAIL,IN,3
98,Merchant_98,CRYPTO,IN,1
99,Merchant_99,ONLINE,DE,1
100,Merchant_100,RETAIL,IN,3
101,Merchant_101,ONLINE,DE,2
102,Merchant_102,RESTAURANT,FR,3
103,Merchant_103,CRYPTO,FR,3
104,Merchant_104,RESTAURANT,US,2
105,Merchant_105,RETAIL,GB,3
106,Merchant_106,MSB,DE,1
107,Merchant_107,RETAIL,DE,1
108,Merchant_108,TRAVEL,DE,1
109,Merchant_109,TRAVEL,US,3
110,Merchant_110,TRAVEL,US,3
111,Merchant_111,RETAIL,GB,1
112,Merchant_112,TRAVEL,FR,3
113,Merchant_113,RETAIL,DE,3
114,Merchant_114,RESTAURANT,FR,2
115,Merchant_115,ONLINE,GB,2
116,Merchant_116,CRYPTO,GB,3
117,Merchant_117,ONLINE,IN,1
118,Merchant_118,TRAVEL,GB,2
119,Merchant_119,RESTAURANT,US,3
120,Merchant_120,TRAVEL,FR,1
121,Merchant_121,ONLINE,FR,2
122,Merchant_122,RETAIL,FR,3
123,Merchant_123,CRYPTO,US,2
124,Merchant_124,CRYPTO,FR,1
125,Merchant_125,MSB,GB,4
126,Merchant_126,ONLINE,FR,2
127,Merchant_127,CRYPTO,DE,2
128,Merchant_128,ONLINE,GB,3
129,Merchant_129,ONLINE,US,2
130,Merchant_130,CRYPTO,GB,3
131,Merchant_131,CRYPTO,IN,5
132,Merchant_132,MSB,IN,5
133,Merchant_133,CRYPTO,GB,1
134,Merchant_134,CRYPTO,FR,5
135,Merchant_135,CRYPTO,GB,1
136,Merchant_136,RESTAURANT,US,2
137,Merchant_137,TRAVEL,DE,2
138,Merchant_138,RESTAURANT,AE,1
139,Merchant_139,MSB,AE,2
140,Merchant_140,CRYPTO,GB,4
141,Merchant_141,RETAIL,AE,3
142,Merchant_142,TRAVEL,IN,3
143,Merchant_143,TRAVEL,IN,1
144,Merchant_144,CRYPTO,US,1
145,Merchant_145,TRAVEL,DE,3
146,Merchant_146,CRYPTO,IN,1
147,Merchant_147,TRAVEL,DE,3
148,Merchant_148,CRYPTO,IN,4
149,Merchant_149,CRYPTO,US,3
150,Merchant_150,RESTAURANT,FR,1
151,Merchant_151,MSB,IN,4
152,Merchant_152,TRAVEL,IN,1
153,Merchant_153,RESTAURANT,AE,2
154,Merchant_154,MSB,AE,1
155,Merchant_155,CRYPTO,DE,2
156,Merchant_156,MSB,AE,5
157,Merchant_157,TRAVEL,DE,2
158,Merchant_158,MSB,US,2
159,Merchant_159,RESTAURANT,US,3
160,Merchant_160,ONLINE,IN,1
161,Merchant_161,CRYPTO,AE,5
162,Merchant_162,CRYPTO,GB,2
163,Merchant_163,TRAVEL,DE,1
164,Merchant_164,ONLINE,FR,1
165,Merchant_165,RETAIL,FR,2
166,Merchant_166,RESTAURANT,GB,2
167,Merchant_167,MSB,IN,5
168,Merchant_168,ONLINE,IN,3
169,Merchant_169,MSB,US,4
170,Merchant_170,ONLINE,FR,3
171,Merchant_171,TRAVEL,GB,1
172,Merchant_172,MSB,FR,2
173,Merchant_173,TRAVEL,AE,2
174,Merchant_174,RETAIL,AE,1
175,Merchant_175,RETAIL,US,1
176,Merchant_176,MSB,IN,5
177,Merchant_177,RESTAURANT,AE,2
178,Merchant_178,MSB,AE,5
179,Merchant_179,MSB,AE,4
180,Merchant_180,ONLINE,IN,2
181,Merchant_181,MSB,DE,2
182,Merchant_182,TRAVEL,DE,3
183,Merchant_183,MSB,IN,2
184,Merchant_184,CRYPTO,US,1
185,Merchant_185,TRAVEL,DE,1
186,Merchant_186,CRYPTO,DE,3
187,Merchant_187,RESTAURANT,GB,1
188,Merchant_188,ONLINE,FR,2
189,Merchant_189,TRAVEL,FR,3
190,Merchant_190,ONLINE,GB,2
191,Merchant_191,MSB,DE,5
192,Merchant_192,MSB,US,1
193,Merchant_193,ONLINE,US,2
194,Merchant_194,RESTAURANT,IN,1
195,Merchant_195,RESTAURANT,US,2
196,Merchant_196,RETAIL,DE,2
197,Merchant_197,MSB,US,5
198,Merchant_198,TRAVEL,IN,3
199,Merchant_199,RESTAURANT,FR,2
200,Merchant_200,ONLINE,DE,2
