account_id,txn_timestamp,prev_txn_ts,approx_km,minutes_between
22,2025-04-07 00:00:00,2025-04-07 00:00:00,2138.5486209555706,0.0
31,2025-05-08 00:00:00,2025-05-08 00:00:00,21279.506603356956,0.0
92,2025-02-14 00:44:00,2025-02-14 00:00:00,7030.49638057082,44.0
92,2025-02-15 01:28:00,2025-02-15 00:00:00,7030.49638057082,88.0
166,2025-03-27 00:00:00,2025-03-27 00:00:00,7585.857009770304,0.0
183,2025-04-11 00:00:00,2025-04-11 00:00:00,14364.37080891955,0.0
306,2025-08-06 20:00:00,2025-08-06 20:00:00,7585.857009770304,0.0
681,2025-04-01 00:00:00,2025-04-01 00:00:00,5986.276919668431,0.0
504,2025-05-21 01:36:00,2025-05-21 00:13:00,8112.8495273650915,83.0
504,2025-05-21 03:33:00,2025-05-21 01:36:00,2138.5486209555706,117.0
504,2025-05-21 03:49:00,2025-05-21 03:33:00,5986.276919668431,16.0
504,2025-05-21 04:33:00,2025-05-21 03:49:00,842.598768664546,44.0
504,2025-05-21 06:18:00,2025-05-21 05:16:00,1162.331310554237,62.0
504,2025-05-21 07:05:00,2025-05-21 07:00:00,14495.189250926702,5.0
504,2025-05-21 08:42:00,2025-05-21 07:05:00,21691.552869391446,97.0
504,2025-05-21 10:10:00,2025-05-21 08:42:00,8242.09986326605,88.0
504,2025-05-21 10:36:00,2025-05-21 10:10:00,8112.8495273650915,26.0
504,2025-05-21 14:07:00,2025-05-21 13:53:00,8242.09986326605,14.0
504,2025-05-21 16:36:00,2025-05-21 16:12:00,8112.8495273650915,24.0
504,2025-05-21 18:15:00,2025-05-21 16:36:00,1167.0806498835675,99.0
504,2025-05-21 18:36:00,2025-05-21 18:15:00,9156.972923746865,21.0
504,2025-05-21 19:03:00,2025-05-21 18:36:00,6977.8875881581935,27.0
504,2025-05-21 19:15:00,2025-05-21 19:03:00,5986.276919668431,12.0
323,2025-01-25 00:00:00,2025-01-25 00:00:00,5429.0654152132975,0.0
379,2025-01-01 02:38:00,2025-01-01 01:58:00,6378.495791762608,40.0
379,2025-01-01 02:55:00,2025-01-01 02:38:00,1027.6332418441368,17.0
379,2025-01-01 03:35:00,2025-01-01 02:55:00,5476.8235795388855,40.0
379,2025-01-01 05:04:00,2025-01-01 03:35:00,2454.2504772143743,89.0
379,2025-01-01 05:55:00,2025-01-01 05:04:00,7585.857009770304,51.0
379,2025-01-01 07:33:00,2025-01-01 05:55:00,7529.690650468138,98.0
379,2025-01-01 07:33:00,2025-01-01 07:33:00,8867.22493392625,0.0
379,2025-01-01 08:28:00,2025-01-01 07:33:00,8938.436349315387,55.0
379,2025-01-01 09:32:00,2025-01-01 08:31:00,16825.92600156879,61.0
379,2025-01-01 12:21:00,2025-01-01 11:41:00,1211.2558766153788,40.0
379,2025-01-01 12:40:00,2025-01-01 12:21:00,7548.464062908312,19.0
379,2025-01-01 13:16:00,2025-01-01 12:40:00,8938.436349315387,36.0
379,2025-01-01 13:54:00,2025-01-01 13:16:00,842.598768664546,38.0
379,2025-01-01 14:07:00,2025-01-01 13:54:00,8112.8495273650915,13.0
379,2025-01-01 14:10:00,2025-01-01 14:07:00,2138.5486209555706,3.0
379,2025-01-01 14:11:00,2025-01-01 14:10:00,6754.327460906189,1.0
379,2025-01-01 15:18:00,2025-01-01 14:11:00,8938.436349315387,67.0
379,2025-01-01 16:11:00,2025-01-01 15:18:00,7548.464062908312,53.0
379,2025-01-01 18:43:00,2025-01-01 18:28:00,7573.668509822311,15.0
379,2025-01-01 22:03:00,2025-01-01 21:35:00,1645.258436672382,28.0
723,2025-08-02 00:00:00,2025-08-02 00:00:00,8112.8495273650915,0.0
780,2025-03-05 00:00:00,2025-03-05 00:00:00,14756.0879427353,0.0
33,2025-01-14 00:38:00,2025-01-14 00:00:00,1162.331310554237,38.0
33,2025-01-14 01:03:00,2025-01-14 00:38:00,842.598768664546,25.0
33,2025-01-14 04:11:00,2025-01-14 03:43:00,1162.331310554237,28.0
33,2025-01-14 08:28:00,2025-01-14 06:45:00,1027.6332418441368,103.0
33,2025-01-14 09:06:00,2025-01-14 08:28:00,7585.857009770304,38.0
33,2025-01-14 10:14:00,2025-01-14 09:06:00,8593.529821948321,68.0
33,2025-01-14 13:09:00,2025-01-14 13:01:00,9171.280362443224,8.0
33,2025-01-14 13:26:00,2025-01-14 13:09:00,9171.280362443224,17.0
33,2025-01-14 13:27:00,2025-01-14 13:26:00,1167.0806498835675,1.0
33,2025-01-14 13:44:00,2025-01-14 13:27:00,2566.2348163604756,17.0
33,2025-01-14 13:45:00,2025-01-14 13:44:00,2566.2348163604756,1.0
33,2025-01-14 14:33:00,2025-01-14 13:45:00,2454.2504772143743,48.0
33,2025-01-14 15:34:00,2025-01-14 14:33:00,7113.812695303044,61.0
33,2025-01-14 18:27:00,2025-01-14 18:00:00,8242.09986326605,27.0
33,2025-01-14 19:10:00,2025-01-14 18:27:00,5986.276919668431,43.0
33,2025-01-14 19:39:00,2025-01-14 19:10:00,5986.276919668431,29.0
33,2025-01-14 20:31:00,2025-01-14 19:39:00,6045.557723249745,52.0
33,2025-01-14 20:59:00,2025-01-14 20:31:00,5476.8235795388855,28.0
33,2025-01-14 21:01:00,2025-01-14 20:59:00,7585.857009770304,2.0
33,2025-01-14 22:09:00,2025-01-14 21:01:00,2454.2504772143743,68.0
33,2025-01-14 23:00:00,2025-01-14 22:09:00,2454.2504772143743,51.0
398,2025-01-04 01:49:00,2025-01-04 00:07:00,2566.2348163604756,102.0
398,2025-01-04 03:27:00,2025-01-04 01:49:00,7548.464062908312,98.0
398,2025-01-04 06:10:00,2025-01-04 06:08:00,6433.966249088753,2.0
398,2025-01-04 06:29:00,2025-01-04 06:10:00,6433.966249088753,19.0
398,2025-01-04 11:39:00,2025-01-04 11:17:00,1167.0806498835675,22.0
398,2025-01-04 11:39:00,2025-01-04 11:39:00,21691.552869391446,0.0
398,2025-01-04 11:46:00,2025-01-04 11:39:00,13055.471433061068,7.0
398,2025-01-04 18:40:00,2025-01-04 17:41:00,8112.8495273650915,59.0
398,2025-01-04 19:18:00,2025-01-04 18:40:00,7529.690650468138,38.0
398,2025-01-04 19:44:00,2025-01-04 19:18:00,7529.690650468138,26.0
398,2025-01-04 19:51:00,2025-01-04 19:44:00,9090.154711960058,7.0
398,2025-01-04 20:33:00,2025-01-04 19:58:00,8593.529821948321,35.0
398,2025-01-04 21:30:00,2025-01-04 20:33:00,7585.857009770304,57.0
398,2025-01-04 21:35:00,2025-01-04 21:32:00,5986.276919668431,3.0
398,2025-01-04 21:40:00,2025-01-04 21:35:00,2566.2348163604756,5.0
398,2025-01-04 21:48:00,2025-01-04 21:40:00,9226.7175167968,8.0
703,2025-03-26 00:00:00,2025-03-26 00:00:00,9171.280362443224,0.0
729,2025-08-07 01:22:00,2025-08-07 00:00:00,8497.6501376158,82.0
729,2025-08-08 00:00:00,2025-08-08 00:00:00,8112.8495273650915,0.0
729,2025-08-08 00:52:00,2025-08-08 00:00:00,8497.6501376158,52.0
83,2025-06-15 00:47:00,2025-06-15 00:00:00,7030.49638057082,47.0
83,2025-06-16 01:00:00,2025-06-16 00:00:00,7030.49638057082,60.0
155,2025-02-08 00:00:00,2025-02-08 00:00:00,13486.633087964192,0.0
254,2025-06-13 01:28:00,2025-06-13 01:18:00,16825.92600156879,10.0
254,2025-06-13 02:43:00,2025-06-13 01:28:00,2454.2504772143743,75.0
254,2025-06-13 04:10:00,2025-06-13 02:43:00,2454.2504772143743,87.0
254,2025-06-13 04:27:00,2025-06-13 04:10:00,9226.7175167968,17.0
254,2025-06-13 05:15:00,2025-06-13 04:27:00,7062.578569426186,48.0
254,2025-06-13 05:24:00,2025-06-13 05:15:00,5512.617325827769,9.0
254,2025-06-13 06:34:00,2025-06-13 05:24:00,7573.668509822311,70.0
254,2025-06-13 06:36:00,2025-06-13 06:34:00,7529.690650468138,2.0
254,2025-06-13 07:40:00,2025-06-13 06:36:00,5429.0654152132975,64.0
254,2025-06-13 12:26:00,2025-06-13 11:46:00,2138.5486209555706,40.0
254,2025-06-13 12:30:00,2025-06-13 12:26:00,8867.22493392625,4.0
254,2025-06-13 13:04:00,2025-06-13 12:30:00,8287.554536075912,34.0
254,2025-06-13 14:20:00,2025-06-13 13:04:00,8523.828828863427,76.0
254,2025-06-13 18:35:00,2025-06-13 18:25:00,8938.436349315387,10.0
254,2025-06-13 18:46:00,2025-06-13 18:35:00,16825.92600156879,11.0
254,2025-06-13 19:33:00,2025-06-13 18:46:00,8287.554536075912,47.0
254,2025-06-13 21:58:00,2025-06-13 21:05:00,8938.436349315387,53.0
254,2025-06-13 23:08:00,2025-06-13 22:38:00,2454.2504772143743,30.0
298,2025-06-04 00:00:00,2025-06-04 00:00:00,8938.436349315387,0.0
307,2025-04-25 04:01:00,2025-04-25 03:43:00,8938.436349315387,18.0
307,2025-04-25 04:55:00,2025-04-25 04:01:00,7585.857009770304,54.0
307,2025-04-25 08:24:00,2025-04-25 07:44:00,8242.09986326605,40.0
307,2025-04-25 12:08:00,2025-04-25 12:02:00,8523.828828863427,6.0
307,2025-04-25 13:57:00,2025-04-25 12:08:00,8769.371125796075,109.0
307,2025-04-25 14:46:00,2025-04-25 13:57:00,842.598768664546,49.0
307,2025-04-25 18:32:00,2025-04-25 18:02:00,2069.383919714525,30.0
307,2025-04-25 18:45:00,2025-04-25 18:32:00,6433.966249088753,13.0
307,2025-04-25 19:34:00,2025-04-25 18:45:00,8593.529821948321,49.0
307,2025-04-25 20:56:00,2025-04-25 19:34:00,2566.2348163604756,82.0
350,2025-04-18 00:42:00,2025-04-18 00:00:00,7030.49638057082,42.0
350,2025-04-19 01:18:00,2025-04-19 00:00:00,7030.49638057082,78.0
459,2025-08-24 00:00:00,2025-08-24 00:00:00,2566.2348163604756,0.0
670,2025-04-30 00:00:00,2025-04-30 00:00:00,7585.857009770304,0.0
696,2025-01-06 01:47:00,2025-01-06 00:40:00,1211.2558766153788,67.0
696,2025-01-06 01:57:00,2025-01-06 01:47:00,9790.736669560756,10.0
696,2025-01-06 02:23:00,2025-01-06 01:57:00,16480.03226430026,26.0
696,2025-01-06 02:42:00,2025-01-06 02:23:00,1167.0806498835675,19.0
696,2025-01-06 04:31:00,2025-01-06 04:07:00,8593.529821948321,24.0
696,2025-01-06 08:53:00,2025-01-06 08:52:00,1571.4935812224528,1.0
696,2025-01-06 10:26:00,2025-01-06 10:08:00,1352.6151541546953,18.0
696,2025-01-06 11:41:00,2025-01-06 11:02:00,5429.0654152132975,39.0
696,2025-01-06 12:52:00,2025-01-06 11:41:00,7062.578569426186,71.0
696,2025-01-06 16:20:00,2025-01-06 15:24:00,7585.857009770304,56.0
696,2025-01-06 16:29:00,2025-01-06 16:20:00,9535.924841449521,9.0
696,2025-01-06 17:39:00,2025-01-06 16:29:00,8769.371125796075,70.0
696,2025-01-06 17:54:00,2025-01-06 17:39:00,8242.09986326605,15.0
696,2025-01-06 17:59:00,2025-01-06 17:54:00,8242.09986326605,5.0
696,2025-01-06 18:02:00,2025-01-06 17:59:00,842.598768664546,3.0
696,2025-01-06 18:38:00,2025-01-06 18:02:00,1352.6151541546953,36.0
696,2025-01-06 19:14:00,2025-01-06 18:38:00,7585.857009770304,36.0
696,2025-01-06 20:43:00,2025-01-06 19:14:00,2566.2348163604756,89.0
696,2025-01-06 21:16:00,2025-01-06 20:43:00,5512.617325827769,33.0
696,2025-01-06 21:19:00,2025-01-06 21:16:00,7548.464062908312,3.0
751,2025-03-19 00:00:00,2025-03-19 00:00:00,8593.529821948321,0.0
297,2025-04-20 00:00:00,2025-04-20 00:00:00,5986.276919668431,0.0
392,2025-05-17 00:00:00,2025-05-17 00:00:00,2069.383919714525,0.0
566,2025-06-12 00:00:00,2025-06-11 23:00:00,2069.383919714525,60.0
641,2025-06-19 00:00:00,2025-06-19 00:00:00,8242.09986326605,0.0
650,2025-05-24 00:00:00,2025-05-24 00:00:00,14495.189250926702,0.0
699,2025-01-29 06:00:00,2025-01-29 06:00:00,8112.8495273650915,0.0
542,2025-02-02 00:36:00,2025-02-02 00:00:00,8497.6501376158,36.0
542,2025-02-03 00:36:00,2025-02-03 00:00:00,8497.6501376158,36.0
707,2025-05-16 00:00:00,2025-05-16 00:00:00,6807.143802203617,0.0
109,2025-07-04 00:00:00,2025-07-04 00:00:00,1506.340077242387,0.0
178,2025-05-05 00:00:00,2025-05-05 00:00:00,1506.340077242387,0.0
339,2025-02-14 00:00:00,2025-02-14 00:00:00,842.598768664546,0.0
586,2025-01-24 00:00:00,2025-01-24 00:00:00,7529.690650468138,0.0
614,2025-02-05 00:00:00,2025-02-05 00:00:00,7062.578569426186,0.0
651,2025-03-29 00:00:00,2025-03-29 00:00:00,1571.4935812224528,0.0
629,2025-04-29 00:00:00,2025-04-29 00:00:00,2138.5486209555706,0.0
712,2025-08-13 00:00:00,2025-08-13 00:00:00,6807.143802203617,0.0
737,2025-02-03 00:00:00,2025-02-03 00:00:00,8090.832109200065,0.0
10,2025-01-11 00:00:00,2025-01-11 00:00:00,6754.327460906189,0.0
93,2025-06-03 00:00:00,2025-06-03 00:00:00,2138.5486209555706,0.0
137,2025-01-14 00:00:00,2025-01-14 00:00:00,1506.340077242387,0.0
720,2025-07-03 02:00:00,2025-07-03 01:00:00,6754.327460906189,60.0
720,2025-07-05 01:00:00,2025-07-05 00:00:00,1211.2558766153788,60.0
421,2025-08-08 00:00:00,2025-08-08 00:00:00,5476.8235795388855,0.0
511,2025-03-05 00:00:00,2025-03-05 00:00:00,2069.383919714525,0.0
694,2025-04-29 00:00:00,2025-04-29 00:00:00,7585.857009770304,0.0
736,2025-02-07 00:00:00,2025-02-07 00:00:00,13076.300704482966,0.0
28,2025-03-22 00:00:00,2025-03-22 00:00:00,842.598768664546,0.0
71,2025-01-27 02:33:00,2025-01-27 01:32:00,8112.8495273650915,61.0
71,2025-01-27 06:08:00,2025-01-27 05:27:00,21279.506603356956,41.0
71,2025-01-27 06:30:00,2025-01-27 06:08:00,21279.506603356956,22.0
71,2025-01-27 07:27:00,2025-01-27 06:30:00,2069.383919714525,57.0
71,2025-01-27 07:53:00,2025-01-27 07:27:00,6045.557723249745,26.0
71,2025-01-27 07:58:00,2025-01-27 07:53:00,1162.331310554237,5.0
71,2025-01-27 08:12:00,2025-01-27 07:58:00,9171.280362443224,14.0
71,2025-01-27 08:42:00,2025-01-27 08:12:00,9090.154711960058,30.0
71,2025-01-27 15:31:00,2025-01-27 14:15:00,7113.812695303044,76.0
71,2025-01-27 16:33:00,2025-01-27 15:50:00,5512.617325827769,43.0
71,2025-01-27 16:42:00,2025-01-27 16:33:00,5512.617325827769,9.0
71,2025-01-27 18:40:00,2025-01-27 16:42:00,2138.5486209555706,118.0
71,2025-01-27 19:10:00,2025-01-27 18:40:00,8497.6501376158,30.0
71,2025-01-27 21:24:00,2025-01-27 20:45:00,9171.280362443224,39.0
71,2025-01-27 21:37:00,2025-01-27 21:24:00,9171.280362443224,13.0
71,2025-01-27 22:05:00,2025-01-27 22:04:00,1352.6151541546953,1.0
71,2025-01-27 22:15:00,2025-01-27 22:05:00,1352.6151541546953,10.0
270,2025-04-01 00:00:00,2025-04-01 00:00:00,21279.506603356956,0.0
397,2025-06-02 00:00:00,2025-06-02 00:00:00,14364.37080891955,0.0
589,2025-08-09 00:00:00,2025-08-09 00:00:00,19190.52834147431,0.0
765,2025-04-15 00:00:00,2025-04-15 00:00:00,7062.578569426186,0.0
99,2025-05-13 01:37:00,2025-05-13 00:02:00,842.598768664546,95.0
99,2025-05-13 02:05:00,2025-05-13 01:37:00,8242.09986326605,28.0
99,2025-05-13 02:10:00,2025-05-13 02:05:00,8938.436349315387,5.0
99,2025-05-13 03:10:00,2025-05-13 02:39:00,842.598768664546,31.0
99,2025-05-13 11:13:00,2025-05-13 10:28:00,2069.383919714525,45.0
99,2025-05-13 12:54:00,2025-05-13 11:23:00,2138.5486209555706,91.0
99,2025-05-13 14:08:00,2025-05-13 12:54:00,7573.668509822311,74.0
99,2025-05-13 14:36:00,2025-05-13 14:08:00,9790.736669560756,28.0
99,2025-05-13 14:40:00,2025-05-13 14:36:00,8287.554536075912,4.0
99,2025-05-13 14:52:00,2025-05-13 14:40:00,1352.6151541546953,12.0
99,2025-05-13 15:30:00,2025-05-13 14:52:00,5429.0654152132975,38.0
99,2025-05-13 15:31:00,2025-05-13 15:30:00,5429.0654152132975,1.0
99,2025-05-13 15:48:00,2025-05-13 15:31:00,7529.690650468138,17.0
99,2025-05-13 17:30:00,2025-05-13 17:26:00,2069.383919714525,4.0
99,2025-05-13 18:17:00,2025-05-13 17:30:00,6807.143802203617,47.0
99,2025-05-13 19:28:00,2025-05-13 18:49:00,13486.633087964192,39.0
99,2025-05-13 22:00:00,2025-05-13 21:47:00,2454.2504772143743,13.0
99,2025-05-13 22:55:00,2025-05-13 22:00:00,7113.812695303044,55.0
133,2025-06-30 00:00:00,2025-06-30 00:00:00,7030.49638057082,0.0
245,2025-07-03 00:00:00,2025-07-03 00:00:00,6754.327460906189,0.0
331,2025-05-07 00:00:00,2025-05-07 00:00:00,4965.730734087548,0.0
331,2025-06-04 00:00:00,2025-06-04 00:00:00,6045.557723249745,0.0
435,2025-05-22 01:10:00,2025-05-22 00:00:00,7548.464062908312,70.0
435,2025-05-23 00:57:00,2025-05-23 00:00:00,7548.464062908312,57.0
483,2025-04-08 01:07:00,2025-04-08 00:00:00,7548.464062908312,67.0
483,2025-04-09 01:21:00,2025-04-09 00:00:00,7548.464062908312,81.0
746,2025-05-27 00:00:00,2025-05-27 00:00:00,6807.143802203617,0.0
107,2025-04-20 01:06:00,2025-04-20 00:00:00,7548.464062908312,66.0
107,2025-04-21 00:41:00,2025-04-21 00:00:00,7548.464062908312,41.0
246,2025-03-08 00:00:00,2025-03-08 00:00:00,14452.604557043656,0.0
429,2025-06-04 00:00:00,2025-06-04 00:00:00,8867.22493392625,0.0
448,2025-08-16 00:00:00,2025-08-16 00:00:00,6378.495791762608,0.0
556,2025-02-01 00:00:00,2025-02-01 00:00:00,8112.8495273650915,0.0
556,2025-02-01 00:00:00,2025-02-01 00:00:00,2138.5486209555706,0.0
573,2025-05-30 00:00:00,2025-05-30 00:00:00,6754.327460906189,0.0
579,2025-02-03 00:00:00,2025-02-03 00:00:00,7529.690650468138,0.0
579,2025-06-24 00:00:00,2025-06-24 00:00:00,13253.255829296886,0.0
216,2025-05-09 00:49:00,2025-05-09 00:00:00,8497.6501376158,49.0
216,2025-05-10 00:50:00,2025-05-10 00:00:00,8497.6501376158,50.0
690,2025-08-09 00:00:00,2025-08-09 00:00:00,8593.529821948321,0.0
725,2025-04-07 00:00:00,2025-04-07 00:00:00,1352.6151541546953,0.0
9,2025-04-14 00:00:00,2025-04-14 00:00:00,1167.0806498835675,0.0
143,2025-08-06 01:25:00,2025-08-06 00:00:00,7548.464062908312,85.0
143,2025-08-07 01:28:00,2025-08-07 00:00:00,7548.464062908312,88.0
177,2025-07-17 00:00:00,2025-07-17 00:00:00,13723.526181580142,0.0
273,2025-01-10 00:22:00,2025-01-10 00:13:00,2138.5486209555706,9.0
273,2025-01-10 03:42:00,2025-01-10 03:28:00,7113.812695303044,14.0
273,2025-01-10 10:00:00,2025-01-10 09:06:00,7062.578569426186,54.0
273,2025-01-10 10:17:00,2025-01-10 10:00:00,5429.0654152132975,17.0
273,2025-01-10 11:20:00,2025-01-10 10:17:00,9535.924841449521,63.0
273,2025-01-10 12:48:00,2025-01-10 12:47:00,8090.832109200065,1.0
273,2025-01-10 13:46:00,2025-01-10 13:27:00,8523.828828863427,19.0
273,2025-01-10 13:55:00,2025-01-10 13:46:00,16480.03226430026,9.0
273,2025-01-10 15:02:00,2025-01-10 13:55:00,16480.03226430026,67.0
273,2025-01-10 16:21:00,2025-01-10 15:02:00,9535.924841449521,79.0
273,2025-01-10 17:08:00,2025-01-10 16:21:00,5429.0654152132975,47.0
273,2025-01-10 17:20:00,2025-01-10 17:08:00,7062.578569426186,12.0
273,2025-01-10 21:14:00,2025-01-10 20:04:00,1740.1547650971736,70.0
423,2025-03-09 00:00:00,2025-03-09 00:00:00,2566.2348163604756,0.0
506,2025-01-21 00:00:00,2025-01-21 00:00:00,1167.0806498835675,0.0
